-1,0,9995.1,31,10005.0,30
-1,100,9995.03,31,10004.49,37
-1,200,9995.05,22,10004.95,22
-1,300,9995.08,25,10004.18,28
-1,400,9995.57,30,10004.92,25
-1,500,9995.36,25,10004.92,24
-1,600,9995.08,26,10004.17,35
-1,700,9995.62,34,10005.0,27
-1,800,9995.0,26,10005.0,26
-1,900,9995.07,29,10004.93,29
-1,1000,9995.07,28,10004.93,28
-1,1100,9995.08,25,10004.92,25
-1,1200,9995.74,39,10004.93,30
-1,1300,9995.04,28,10004.96,28
-1,1400,9995.08,26,10004.92,26
-1,1500,9995.39,23,10004.91,22
-1,1600,9995.04,23,10004.96,23
-1,1700,9995.0,27,10005.0,27
-1,1800,9995.07,27,10004.93,27
-1,1900,9995.06,31,10004.94,31
-1,2000,9995.04,26,10004.33,33
-1,2100,9995.0,23,10005.0,23
-1,2200,9995.06,32,10004.94,32
-1,2300,9995.08,24,10004.92,24
-1,2400,9995.48,29,10004.92,25
-1,2500,9995.05,21,10004.95,21
-1,2600,9995.0,25,10005.0,25
-1,2700,9995.45,29,10004.96,25
-1,2800,9995.44,34,10005.0,29
-1,2900,9997.06,35,10004.92,25
-1,3000,9995.06,31,10004.94,31
-1,3100,9995.07,28,10004.93,28
-1,3200,9995.06,32,10004.47,38
-1,3300,9995.07,28,10004.93,28
-1,3400,9995.07,29,10004.93,29
-1,3500,9995.07,30,10004.26,39
-1,3600,9995.0,21,10004.68,22
-1,3700,9995.06,31,10001.57,14
-1,3800,9995.26,31,10004.97,30
-1,3900,9995.12,26,10005.0,25
-1,4000,9996.71,38,10004.93,29
-1,4100,9995.04,24,10004.96,24
-1,4200,9995.07,28,10004.93,28
-1,4300,9995.06,31,10004.94,31
-1,4400,9995.04,27,10004.71,28
-1,4500,9995.0,27,10005.0,27
-1,4600,9995.05,22,10004.95,22
-1,4700,9995.42,31,10004.96,27
-1,4800,9995.79,28,10004.96,25
-1,4900,9995.0,22,10003.92,26
-1,5000,9995.38,26,10004.96,23
-1,5100,9995.97,35,10005.0,25
-1,5200,9995.08,24,10004.92,24
-1,5300,9995.0,25,10005.0,25
-1,5400,9995.0,27,10003.68,41
-1,5500,9995.03,30,10004.97,30
-1,5600,9998.2,10,10004.96,27
-1,5700,9995.48,29,10004.92,25
-1,5800,9996.06,35,10005.0,24
-1,5900,9996.0,26,10004.95,21
-1,6000,9995.08,24,10003.93,28
-1,6100,9995.04,25,10001.0,8
-1,6200,9995.03,30,10004.97,30
-1,6300,9995.0,25,10005.0,25
-1,6400,9995.74,27,10005.0,23
-1,6500,9995.0,20,10005.0,20
-1,6600,9995.04,27,10004.96,27
-1,6700,9995.94,32,10004.93,28
-1,6800,9995.16,25,10004.96,24
-1,6900,9995.0,28,10005.0,28
-1,7000,9998.53,15,10004.93,29
-1,7100,9995.03,30,10004.97,30
-1,7200,9995.09,23,10004.91,23
-1,7300,9995.08,25,10004.52,29
-1,7400,9995.29,31,10004.93,30
-1,7500,9995.0,29,10005.0,29
-1,7600,9995.08,26,10004.92,26
-1,7700,9995.0,28,10005.0,28
-1,7800,9995.04,23,10004.96,23
-1,7900,9995.04,26,10004.57,30
-1,8000,9995.04,23,10004.96,23
-1,8100,9995.0,22,10005.0,22
-1,8200,9995.0,20,10004.43,23
-1,8300,9998.25,8,10004.96,27
-1,8400,9995.0,26,10005.0,26
-1,8500,9995.0,30,10005.0,30
-1,8600,9995.04,23,10004.96,23
-1,8700,9995.03,30,10004.97,30
-1,8800,9995.0,23,10002.6,35
-1,8900,9996.12,32,10004.96,27
-1,9000,9995.0,23,10004.3,30
-1,9100,9995.03,31,10004.97,31
-1,9200,9995.0,24,10004.67,27
-1,9300,9995.0,23,10005.0,23
-1,9400,9995.08,24,10004.92,24
-1,9500,9995.74,38,10004.97,29
-1,9600,9995.0,20,10005.0,20
-1,9700,9995.32,28,10005.0,25
-1,9800,9995.0,21,10004.42,26
-1,9900,9995.0,22,10005.0,22
-1,10000,9995.67,39,10004.94,31
-1,10100,9995.0,22,10005.0,22
-1,10200,9995.08,25,10004.92,25
-1,10300,9995.09,22,10004.91,22
-1,10400,9995.0,30,10005.0,30
-1,10500,9995.41,32,10004.96,28
-1,10600,9995.0,23,10003.97,31
-1,10700,9995.12,24,10005.0,23
-1,10800,9995.68,28,10005.0,23
-1,10900,9995.03,30,10004.97,30
-1,11000,9995.03,30,10004.97,30
-1,11100,9995.06,31,10004.6,35
-1,11200,9995.27,30,10004.97,29
-1,11300,9995.04,27,10004.96,27
-1,11400,9995.27,26,10004.96,24
-1,11500,9995.13,30,10004.97,29
-1,11600,9995.0,26,10005.0,26
-1,11700,9995.05,22,10004.95,22
-1,11800,9995.0,21,10005.0,21
-1,11900,9995.0,25,10005.0,25
-1,12000,9995.0,25,10005.0,25
-1,12100,9995.09,22,10004.56,25
-1,12200,9995.84,38,10004.93,28
-1,12300,9995.04,24,10004.1,29
-1,12400,9995.03,30,10004.97,30
-1,12500,9996.03,36,10004.94,31
-1,12600,9995.44,36,10004.97,31
-1,12700,9995.06,31,10004.94,31
-1,12800,9995.03,31,10004.71,34
-1,12900,9995.0,24,10005.0,24
-1,13000,9995.0,27,10005.0,27
-1,13100,9995.07,30,10004.93,30
-1,13200,9995.0,28,10005.0,28
-1,13300,9995.07,28,10004.93,28
-1,13400,9995.3,27,10004.96,26
-1,13500,9995.03,30,10004.28,39
-1,13600,9995.08,25,10004.92,25
-1,13700,9995.38,32,10004.38,37
-1,13800,9995.04,25,10004.96,25
-1,13900,9995.0,20,10004.73,22
-1,14000,9995.04,27,10004.96,27
-1,14100,9995.63,27,10004.92,24
-1,14200,9995.08,24,10004.92,24
-1,14300,9995.07,30,10004.93,30
-1,14400,9995.88,32,10004.96,23
-1,14500,9995.04,23,10004.56,25
-1,14600,9995.0,21,10004.62,24
-1,14700,9995.55,31,10004.92,26
-1,14800,9995.09,23,10004.91,23
-1,14900,9995.07,30,10004.32,38
-1,15000,9995.04,23,10004.96,23
-1,15100,9995.3,27,10004.96,26
-1,15200,9995.39,28,10004.24,29
-1,15300,9995.41,27,10004.92,24
-1,15400,9995.08,26,10004.53,30
-1,15500,9995.6,25,10005.0,20
-1,15600,9995.04,24,10004.96,24
-1,15700,9995.09,22,10004.91,22
-1,15800,9995.55,31,10004.92,26
-1,15900,9995.81,37,10005.0,27
-1,16000,9995.07,27,10004.32,34
-1,16100,9995.36,33,10005.0,29
-1,16200,9995.0,21,10005.0,21
-1,16300,9995.06,31,10004.76,33
-1,16400,9995.08,24,10004.64,25
-1,16500,9995.07,27,10004.93,27
-1,16600,9995.08,25,10004.92,25
-1,16700,9995.81,27,10004.96,24
-1,16800,9995.06,32,10004.54,37
-1,16900,9995.04,24,10004.96,24
-1,17000,9995.0,23,10005.0,23
-1,17100,9995.51,37,10004.97,31
-1,17200,9995.62,32,10004.92,26
-1,17300,9995.0,28,10004.5,32
-1,17400,9995.04,25,10004.96,25
-1,17500,9995.04,24,10004.96,24
-1,17600,9995.0,27,10005.0,27
-1,17700,9995.04,24,10004.96,24
-1,17800,9995.0,23,10005.0,23
-1,17900,9995.66,38,10004.97,30
-1,18000,9995.66,35,10004.93,28
-1,18100,9995.0,21,10005.0,21
-1,18200,9995.04,24,10004.96,24
-1,18300,9995.07,29,10004.93,29
-1,18400,9995.03,30,10004.97,30
-1,18500,9995.31,35,10004.94,32
-1,18600,9995.03,31,10004.3,40
-1,18700,9996.81,36,10004.93,27
-1,18800,9995.08,24,10004.92,24
-1,18900,9995.04,28,10004.96,28
-1,19000,9995.0,25,10004.34,32
-1,19100,9995.03,29,10004.24,34
-1,19200,9995.03,29,10004.39,36
-1,19300,9995.06,32,10004.94,32
-1,19400,9995.05,21,10004.58,24
-1,19500,9995.09,22,10004.91,22
-1,19600,9995.06,31,10004.94,31
-1,19700,9995.04,25,10004.74,27
-1,19800,9996.17,24,10005.0,20
-1,19900,9995.04,28,10004.96,28
-1,20000,9995.03,29,10004.61,33
-1,20100,9995.73,40,10004.94,31
-1,20200,9995.0,29,10005.0,29
-1,20300,9995.09,23,10004.91,23
-1,20400,9995.0,24,10005.0,24
-1,20500,9995.0,30,10005.0,30
-1,20600,9995.09,23,10004.91,23
-1,20700,9995.03,31,10004.49,37
-1,20800,9995.08,25,10004.92,25
-1,20900,9995.04,24,10004.96,24
-1,21000,9995.0,27,10005.0,27
-1,21100,9995.16,31,10004.93,30
-1,21200,9995.0,23,10005.0,23
-1,21300,9995.0,29,10005.0,29
-1,21400,9995.0,30,10005.0,30
-1,21500,9995.08,24,10004.92,24
-1,21600,9995.23,30,10005.0,29
-1,21700,9995.03,31,10004.24,41
-1,21800,9995.54,35,10004.97,29
-1,21900,9995.07,30,10004.93,30
-1,22000,9995.04,24,10004.58,26
-1,22100,9995.08,25,10004.92,25
-1,22200,9995.04,28,10004.59,32
-1,22300,9995.03,30,10004.97,30
-1,22400,9995.57,28,10004.92,26
-1,22500,9996.27,33,10005.0,27
-1,22600,9995.04,27,10004.22,36
-1,22700,9995.0,28,10005.0,28
-1,22800,9995.03,30,10004.33,33
-1,22900,9995.08,26,10004.67,27
-1,23000,9995.38,29,10004.92,26
-1,23100,9995.04,24,10004.09,34
-1,23200,9995.0,26,10004.0,37
-1,23300,9995.0,22,10005.0,22
-1,23400,9995.67,27,10005.0,21
-1,23500,9995.07,28,10004.93,28
-1,23600,9995.0,21,10004.33,27
-1,23700,9995.0,24,10005.0,24
-1,23800,9995.09,23,10004.91,23
-1,23900,9995.0,20,10005.0,20
-1,24000,9995.04,23,10004.34,29
-1,24100,9995.08,26,10004.92,26
-1,24200,9995.45,31,10004.93,27
-1,24300,9996.52,29,10004.91,23
-1,24400,9995.0,25,10005.0,25
-1,24500,9995.0,21,10003.83,30
-1,24600,9995.04,27,10004.96,27
-1,24700,9995.09,22,10004.91,22
-1,24800,9995.07,28,10004.93,28
-1,24900,9995.49,35,10004.93,30
-1,25000,9995.04,27,10004.86,28
-1,25100,9995.0,23,10005.0,23
-1,25200,9995.08,26,10004.92,26
-1,25300,9995.08,26,10004.81,27
-1,25400,9995.24,34,10004.94,32
-1,25500,9995.39,28,10004.92,25
-1,25600,9995.03,31,10004.97,31
-1,25700,9995.04,23,10004.96,23
-1,25800,9995.04,28,10004.96,28
-1,25900,9995.0,28,10005.0,28
-1,26000,9995.0,24,10004.32,31
-1,26100,9995.0,25,10004.34,32
-1,26200,9995.04,26,10004.96,26
-1,26300,9995.0,24,10005.0,24
-1,26400,9995.66,32,10005.0,29
-1,26500,9995.04,24,10004.54,28
-1,26600,10000.0,5,10004.95,22
-1,26700,9995.0,24,10004.0,30
-1,26800,9995.0,24,10005.0,24
-1,26900,9995.0,27,10004.33,33
-1,27000,9995.03,31,10004.42,38
-1,27100,9995.08,24,10004.26,31
-1,27200,9995.24,33,10004.94,31
-1,27300,9995.84,32,10004.93,27
-1,27400,9995.04,25,10004.96,25
-1,27500,9995.08,26,10004.11,36
-1,27600,9995.04,23,10004.67,24
-1,27700,9995.08,26,10004.92,26
-1,27800,9995.0,28,10005.0,28
-1,27900,9995.04,26,10004.03,30
-1,28000,9995.0,24,10004.18,33
-1,28100,9995.0,22,10005.0,22
-1,28200,9995.03,30,10004.97,30
-1,28300,9995.04,24,10004.29,31
-1,28400,9995.0,21,10004.1,30
-1,28500,9995.03,31,10004.97,31
-1,28600,9995.61,38,10004.94,31
-1,28700,9995.04,25,10004.96,25
-1,28800,9995.09,22,10004.91,22
-1,28900,9995.0,22,10005.0,22
-1,29000,9995.0,24,10005.0,24
-1,29100,9995.73,40,10004.94,31
-1,29200,9995.0,20,10004.61,23
-1,29300,9995.0,25,10005.0,25
-1,29400,9995.04,24,10004.96,24
-1,29500,9995.36,25,10004.92,24
-1,29600,9995.0,20,10004.67,21
-1,29700,9995.04,27,10004.96,27
-1,29800,9995.59,37,10004.97,30
-1,29900,9995.71,35,10004.62,29
-1,30000,9995.05,21,10004.21,28
-1,30100,9995.0,22,10004.07,27
-1,30200,9995.08,24,10004.92,24
-1,30300,9995.07,30,10004.38,37
-1,30400,9995.09,23,10004.91,23
-1,30500,9995.03,29,10004.97,29
-1,30600,9995.0,30,10005.0,30
-1,30700,9995.04,23,10004.96,23
-1,30800,9995.0,29,10005.0,29
-1,30900,9995.24,25,10005.0,23
-1,31000,9995.0,20,10005.0,20
-1,31100,9995.05,22,10004.95,22
-1,31200,9995.07,29,10004.93,29
-1,31300,9995.0,30,10005.0,30
-1,31400,9995.06,32,10004.94,32
-1,31500,9995.0,23,10005.0,23
-1,31600,9995.24,34,10004.94,32
-1,31700,9995.0,29,10004.03,35
-1,31800,9995.0,21,10005.0,21
-1,31900,9995.76,38,10004.93,29
-1,32000,9995.03,30,10004.52,33
-1,32100,9995.03,31,10004.97,31
-1,32200,9995.04,26,10004.33,33
-1,32300,9995.04,26,10004.41,32
-1,32400,9995.07,29,10004.83,30
-1,32500,9995.08,25,10004.92,25
-1,32600,9995.0,30,10005.0,30
-1,32700,9995.29,28,10004.96,27
-1,32800,9995.0,23,10005.0,23
-1,32900,9995.04,24,10004.84,25
-1,33000,9995.28,29,10004.96,28
-1,33100,9995.0,24,10005.0,24
-1,33200,9995.0,25,10004.21,34
-1,33300,9995.08,26,10004.3,33
-1,33400,9995.0,27,10005.0,27
-1,33500,9995.86,35,10005.0,25
-1,33600,9995.0,27,10005.0,27
-1,33700,9995.73,30,10004.96,23
-1,33800,9995.26,27,10005.0,26
-1,33900,9995.0,24,10005.0,24
-1,34000,9995.31,26,10004.96,25
-1,34100,9995.04,27,10004.96,27
-1,34200,9995.04,27,10004.96,27
-1,34300,9995.09,22,10004.91,22
-1,34400,9995.08,25,10004.92,25
-1,34500,9995.0,25,10004.78,27
-1,34600,9995.0,22,10005.0,22
-1,34700,9995.0,29,10003.97,34
-1,34800,9995.63,27,10005.0,24
-1,34900,9995.08,24,10004.92,24
-1,35000,9995.09,22,10004.0,32
-1,35100,9995.04,26,10004.96,26
-1,35200,9995.0,24,10005.0,24
-1,35300,9995.82,33,10005.0,24
-1,35400,9995.0,22,10005.0,22
-1,35500,9996.17,30,10005.0,25
-1,35600,9995.84,37,10004.96,27
-1,35700,9995.29,28,10004.96,27
-1,35800,9995.07,30,10004.93,30
-1,35900,9995.03,30,10004.7,33
-1,36000,9995.0,28,10004.76,29
-1,36100,9995.0,26,10004.07,30
-1,36200,9995.03,30,10004.7,33
-1,36300,9995.0,22,10004.7,23
-1,36400,9995.04,28,10004.52,33
-1,36500,9995.04,27,10004.16,37
-1,36600,9996.19,26,10005.0,21
-1,36700,9995.23,31,10005.0,30
-1,36800,9995.29,28,10004.96,27
-1,36900,9995.06,31,10004.68,34
-1,37000,9995.44,27,10005.0,23
-1,37100,9995.04,24,10004.96,24
-1,37200,9995.25,24,10005.0,22
-1,37300,9996.09,32,10005.0,27
-1,37400,9995.04,23,10004.96,23
-1,37500,9995.41,32,10005.0,29
-1,37600,9995.08,26,10004.92,26
-1,37700,9995.03,29,10004.97,29
-1,37800,9995.07,29,10004.93,29
-1,37900,9995.07,29,10004.47,32
-1,38000,9995.0,25,10004.5,30
-1,38100,9995.0,28,10005.0,28
-1,38200,9995.0,23,10004.44,25
-1,38300,9995.04,27,10004.96,27
-1,38400,9995.32,22,10005.0,21
-1,38500,9995.35,26,10004.92,25
-1,38600,9996.09,32,10005.0,27
-1,38700,9995.03,30,10004.97,30
-1,38800,9995.0,27,10005.0,27
-1,38900,9995.04,26,10004.96,26
-1,39000,9995.0,29,10005.0,29
-1,39100,9995.03,30,10004.23,40
-1,39200,9995.0,24,10005.0,24
-1,39300,9995.33,30,10004.96,27
-1,39400,9995.07,29,10004.93,29
-1,39500,9995.09,22,10004.91,22
-1,39600,9995.0,22,10005.0,22
-1,39700,9995.0,20,10005.0,20
-1,39800,9995.03,31,10004.71,34
-1,39900,9995.15,33,10004.94,32
-1,40000,9995.7,40,10004.97,31
-1,40100,9995.25,28,10005.0,27
-1,40200,9995.04,23,10004.27,30
-1,40300,9995.04,25,10004.28,29
-1,40400,9995.05,21,10004.0,31
-1,40500,9995.0,24,10005.0,24
-1,40600,9995.08,26,10003.45,33
-1,40700,9995.08,26,10004.92,26
-1,40800,9995.0,29,10005.0,29
-1,40900,9995.0,22,10005.0,22
-1,41000,9995.56,27,10005.0,22
-1,41100,9995.04,23,10004.96,23
-1,41200,9995.04,26,10003.32,34
-1,41300,9995.05,21,10000.89,9
-1,41400,9995.0,23,10005.0,23
-1,41500,9995.43,35,10005.0,30
-1,41600,9995.04,28,10003.91,33
-1,41700,9995.0,20,10005.0,20
-1,41800,9995.07,30,10004.67,33
-1,41900,9995.41,34,10004.93,30
-1,42000,9995.07,30,10004.93,30
-1,42100,9995.0,24,10005.0,24
-1,42200,9995.0,26,10004.6,30
-1,42300,9995.71,28,10005.0,24
-1,42400,9995.04,25,10003.8,30
-1,42500,9995.08,24,10004.92,24
-1,42600,9995.0,25,10004.14,35
-1,42700,9995.09,22,10004.91,22
-1,42800,9995.0,23,10005.0,23
-1,42900,9995.0,22,10005.0,22
-1,43000,9996.56,32,10004.96,25
-1,43100,9995.08,25,10004.61,28
-1,43200,9995.04,28,10004.79,29
-1,43300,9995.0,20,10005.0,20
-1,43400,9995.07,29,10004.3,37
-1,43500,9995.04,24,10004.09,34
-1,43600,9995.0,21,10004.86,22
-1,43700,9995.07,28,10004.93,28
-1,43800,9995.0,25,10004.73,26
-1,43900,9995.0,28,10005.0,28
-1,44000,9995.97,30,10004.96,26
-1,44100,9995.07,30,10004.93,30
-1,44200,9995.54,26,10004.91,22
-1,44300,9995.04,25,10004.96,25
-1,44400,9995.03,30,10004.97,30
-1,44500,9995.04,27,10004.96,27
-1,44600,9995.0,23,10005.0,23
-1,44700,9995.04,24,10004.15,33
-1,44800,9995.08,24,10004.06,34
-1,44900,9995.0,26,10004.44,32
-1,45000,9995.04,27,10004.96,27
-1,45100,9995.07,27,10004.68,28
-1,45200,9995.0,27,10005.0,27
-1,45300,9995.03,29,10004.73,30
-1,45400,9995.04,28,10004.96,28
-1,45500,9995.04,24,10004.96,24
-1,45600,9995.04,25,10004.96,25
-1,45700,9995.82,34,10005.0,30
-1,45800,9995.08,26,10004.92,26
-1,45900,9995.05,22,10004.83,23
-1,46000,9995.07,27,10003.84,32
-1,46100,9995.07,27,10004.93,27
-1,46200,9995.0,28,10005.0,28
-1,46300,9995.04,23,10004.96,23
-1,46400,9995.0,26,10005.0,26
-1,46500,9995.08,25,10004.43,30
-1,46600,9995.09,23,10004.68,25
-1,46700,9995.04,23,10004.96,23
-1,46800,9995.48,27,10004.96,23
-1,46900,9995.07,28,10004.93,28
-1,47000,9995.0,20,10004.14,28
-1,47100,9995.52,29,10005.0,24
-1,47200,9995.0,29,10005.0,29
-1,47300,9995.0,24,10005.0,24
-1,47400,9995.08,26,10004.45,31
-1,47500,9995.0,28,10005.0,28
-1,47600,9995.0,21,10005.0,21
-1,47700,9995.04,24,10004.68,25
-1,47800,9995.0,22,10004.0,31
-1,47900,9995.14,22,10005.0,21
-1,48000,9995.34,32,10004.93,29
-1,48100,9995.0,29,10005.0,29
-1,48200,9995.04,26,10004.96,26
-1,48300,9995.0,29,10005.0,29
-1,48400,9995.0,22,10005.0,22
-1,48500,9995.0,25,10005.0,25
-1,48600,9995.09,22,10004.46,26
-1,48700,9995.61,23,10005.0,21
-1,48800,9995.78,41,10004.94,31
-1,48900,9995.36,28,10004.96,25
-1,49000,9995.0,29,10005.0,29
-1,49100,9995.31,29,10005.0,26
-1,49200,9995.08,25,10004.92,25
-1,49300,9995.0,29,10005.0,29
-1,49400,9995.59,27,10004.95,22
-1,49500,9995.0,23,10005.0,23
-1,49600,9995.0,22,10005.0,22
-1,49700,9995.08,24,10004.19,32
-1,49800,9995.05,22,10004.65,23
-1,49900,9995.09,22,10004.91,22
-1,50000,9995.03,30,10004.97,30
-1,50100,9995.06,32,10004.94,32
-1,50200,9995.19,26,10004.92,25
-1,50300,9995.04,26,10004.48,31
-1,50400,9995.85,34,10004.97,30
-1,50500,9995.88,33,10004.97,29
-1,50600,9995.04,24,10004.96,24
-1,50700,9995.0,25,10004.68,28
-1,50800,9995.0,24,10004.19,31
-1,50900,9995.04,27,10004.96,27
-1,51000,9995.08,24,10004.92,24
-1,51100,9995.04,27,10004.96,27
-1,51200,9995.06,32,10004.94,32
-1,51300,9995.08,25,10004.92,25
-1,51400,9995.0,23,10005.0,23
-1,51500,9995.09,22,10004.91,22
-1,51600,9995.06,31,10004.94,31
-1,51700,9995.06,32,10004.54,37
-1,51800,9995.08,26,10004.92,26
-1,51900,9995.04,27,10004.42,33
-1,52000,9995.59,27,10004.96,24
-1,52100,9995.0,30,10005.0,30
-1,52200,9995.0,28,10004.71,31
-1,52300,9995.0,21,10004.62,24
-1,52400,9996.07,30,10004.92,24
-1,52500,9995.03,31,10004.97,31
-1,52600,9995.04,24,10004.42,26
-1,52700,9995.0,29,10004.77,30
-1,52800,9995.0,24,10004.72,25
-1,52900,9995.03,31,10004.97,31
-1,53000,9995.0,28,10005.0,28
-1,53100,9995.03,31,10004.97,31
-1,53200,9995.03,31,10004.75,32
-1,53300,9995.04,24,10004.96,24
-1,53400,9995.0,23,10005.0,23
-1,53500,9995.04,26,10004.26,34
-1,53600,9995.24,25,10005.0,23
-1,53700,9995.07,27,10004.14,37
-1,53800,9995.08,25,9999.71,21
-1,53900,9995.0,28,10005.0,28
-1,54000,9995.05,22,10004.95,22
-1,54100,9995.0,23,10005.0,23
-1,54200,9995.05,21,10004.95,21
-1,54300,9995.12,26,10005.0,25
-1,54400,9995.08,24,10004.92,24
-1,54500,9995.0,29,10004.29,38
-1,54600,9995.44,32,10004.93,28
-1,54700,9995.26,23,10005.0,21
-1,54800,9995.04,24,10004.96,24
-1,54900,9995.03,29,10004.97,29
-1,55000,9995.0,27,10003.91,32
-1,55100,9996.62,40,10004.94,31
-1,55200,9995.0,25,10005.0,25
-1,55300,9995.04,25,10004.31,32
-1,55400,9995.04,23,10004.96,23
-1,55500,9995.0,26,10005.0,26
-1,55600,9995.63,35,10004.96,28
-1,55700,9995.0,21,10004.25,28
-1,55800,9995.09,23,10004.91,23
-1,55900,9995.0,24,10002.8,35
-1,56000,9995.09,22,10004.91,22
-1,56100,9995.03,30,10004.97,30
-1,56200,9995.07,28,10004.93,28
-1,56300,9995.0,23,10004.23,31
-1,56400,9995.62,29,10005.0,23
-1,56500,9995.0,25,10005.0,25
-1,56600,9995.04,27,10004.96,27
-1,56700,9995.0,25,10005.0,25
-1,56800,9995.0,24,10005.0,24
-1,56900,9995.6,25,10005.0,20
-1,57000,9995.0,25,10005.0,25
-1,57100,9995.07,27,10004.93,27
-1,57200,9995.0,26,10005.0,26
-1,57300,9995.27,26,10005.0,25
-1,57400,9995.07,28,10004.73,30
-1,57500,9995.03,31,10004.88,32
-1,57600,9995.0,29,10004.77,30
-1,57700,9995.07,30,10004.75,32
-1,57800,9995.07,28,10004.93,28
-1,57900,9995.27,33,10004.94,32
-1,58000,9995.7,30,10005.0,23
-1,58100,9995.04,24,10004.96,24
-1,58200,9995.08,26,10004.92,26
-1,58300,9995.09,23,10004.62,24
-1,58400,9995.0,21,10004.2,25
-1,58500,9995.03,30,10004.74,31
-1,58600,9995.26,31,10004.93,29
-1,58700,9995.04,25,10004.96,25
-1,58800,9995.5,28,10004.92,24
-1,58900,9995.0,22,10004.7,23
-1,59000,9995.0,26,10005.0,26
-1,59100,9995.0,30,10004.56,32
-1,59200,9995.5,34,10004.94,31
-1,59300,9995.07,30,10002.84,43
-1,59400,9995.0,28,10005.0,28
-1,59500,9995.17,30,10004.93,29
-1,59600,9995.0,25,10005.0,25
-1,59700,9995.72,36,10004.93,28
-1,59800,9995.0,20,10005.0,20
-1,59900,9998.0,4,10004.92,24
-1,60000,9995.4,35,10004.94,31
-1,60100,9995.0,25,10004.73,26
-1,60200,9995.64,25,10004.95,22
-1,60300,9995.08,24,10004.92,24
-1,60400,9995.72,29,10004.96,25
-1,60500,9995.09,22,10004.91,22
-1,60600,9995.0,27,10004.7,30
-1,60700,9995.06,31,10004.33,39
-1,60800,9995.04,25,10004.96,25
-1,60900,9995.08,25,10004.92,25
-1,61000,9995.03,31,10004.97,31
-1,61100,9995.06,32,10004.94,32
-1,61200,9995.0,30,10005.0,30
-1,61300,9995.03,31,10004.97,31
-1,61400,9995.53,30,10004.93,28
-1,61500,9996.2,35,10005.0,29
-1,61600,9995.04,26,10004.96,26
-1,61700,9995.04,23,10004.96,23
-1,61800,9995.0,29,10005.0,29
-1,61900,9995.08,25,10004.65,26
-1,62000,9995.04,23,10004.96,23
-1,62100,9995.04,25,10004.96,25
-1,62200,9995.77,35,10005.0,26
-1,62300,9995.05,22,10004.95,22
-1,62400,9995.0,26,10005.0,26
-1,62500,9995.07,29,10004.93,29
-1,62600,9995.06,31,10004.94,31
-1,62700,9995.0,25,10004.59,29
-1,62800,9995.04,28,10004.96,28
-1,62900,9995.05,22,10004.95,22
-1,63000,9995.07,27,10004.93,27
-1,63100,9995.0,20,10004.86,21
-1,63200,9995.0,24,10005.0,24
-1,63300,9995.07,28,10004.93,28
-1,63400,9995.03,31,10004.3,40
-1,63500,9995.06,32,10002.0,6
-1,63600,9995.03,31,10004.49,37
-1,63700,9995.81,32,10004.92,24
-1,63800,9995.07,28,10004.93,28
-1,63900,9995.0,25,10004.68,28
-1,64000,9995.03,31,10004.97,31
-1,64100,9995.0,29,10005.0,29
-1,64200,9995.04,24,10004.84,25
-1,64300,9995.0,29,10005.0,29
-1,64400,9995.04,26,10004.96,26
-1,64500,9995.12,32,10004.97,31
-1,64600,9995.04,24,10004.96,24
-1,64700,9995.07,30,10004.84,31
-1,64800,9995.07,28,10004.56,32
-1,64900,9995.0,30,10005.0,30
-1,65000,9995.0,22,10004.64,25
-1,65100,9995.73,40,10004.94,31
-1,65200,9996.17,30,10005.0,25
-1,65300,9998.0,6,10004.94,31
-1,65400,9995.04,25,10004.69,26
-1,65500,9995.07,27,10004.39,33
-1,65600,9995.67,36,10005.0,28
-1,65700,9995.0,21,10005.0,21
-1,65800,9995.0,29,10005.0,29
-1,65900,9995.04,27,10004.96,27
-1,66000,9995.05,21,10004.35,23
-1,66100,9995.0,22,10005.0,22
-1,66200,9995.0,28,10005.0,28
-1,66300,9995.0,25,10004.73,26
-1,66400,9995.03,29,10004.46,35
-1,66500,9995.08,24,10004.92,24
-1,66600,9995.0,25,10004.27,33
-1,66700,9995.1,31,10005.0,30
-1,66800,9995.08,24,10004.64,25
-1,66900,9995.03,29,10004.97,29
-1,67000,9995.83,36,10004.94,32
-1,67100,9995.05,22,10004.5,26
-1,67200,9995.07,30,10004.93,30
-1,67300,9995.04,26,10004.66,29
-1,67400,9995.03,30,10003.97,35
-1,67500,9995.03,29,10004.97,29
-1,67600,9995.03,31,10004.97,31
-1,67700,9995.54,24,10005.0,21
-1,67800,9995.09,23,10004.62,24
-1,67900,9995.09,22,10004.46,26
-1,68000,9995.0,30,10005.0,30
-1,68100,9995.0,26,10005.0,26
-1,68200,9995.08,26,10004.92,26
-1,68300,9995.04,27,10004.96,27
-1,68400,9995.53,34,10005.0,28
-1,68500,9995.27,26,10004.96,24
-1,68600,9995.03,31,10004.24,41
-1,68700,9998.0,10,10004.93,29
-1,68800,9995.0,23,10005.0,23
-1,68900,9995.0,21,10005.0,21
-1,69000,9995.42,24,10004.95,21
-1,69100,9995.0,21,10005.0,21
-1,69200,9995.04,27,10004.42,33
-1,69300,9995.08,24,10004.92,24
-1,69400,9995.91,32,10004.96,28
-1,69500,9995.72,32,10005.0,27
-1,69600,9995.04,25,10004.55,29
-1,69700,9995.07,29,10004.93,29
-1,69800,9995.07,28,10004.93,28
-1,69900,9995.0,26,10005.0,26
-1,70000,9995.79,39,10004.97,29
-1,70100,9995.0,27,10004.45,33
-1,70200,9995.04,26,10004.45,29
-1,70300,9995.0,25,10005.0,25
-1,70400,9995.06,31,10004.6,35
-1,70500,9995.0,24,10005.0,24
-1,70600,9995.07,29,10004.93,29
-1,70700,9995.0,24,10004.77,26
-1,70800,9995.06,32,10004.73,33
-1,70900,9995.0,29,10005.0,29
-1,71000,9995.06,31,10004.94,31
-1,71100,9995.09,22,10004.91,22
-1,71200,9995.08,26,10004.92,26
-1,71300,9995.0,20,10005.0,20
-1,71400,9995.1,31,10005.0,30
-1,71500,9995.03,31,10004.97,31
-1,71600,9995.0,22,10005.0,22
-1,71700,9995.0,28,10005.0,28
-1,71800,9995.09,22,10004.91,22
-1,71900,9995.09,22,10004.91,22
-1,72000,9995.0,29,10004.35,37
-1,72100,9995.07,28,10004.83,29
-1,72200,9995.05,21,10004.95,21
-1,72300,9995.03,30,10004.97,30
-1,72400,9995.0,24,10005.0,24
-1,72500,9995.07,30,10004.93,30
-1,72600,9995.08,24,10004.92,24
-1,72700,9995.0,29,10005.0,29
-1,72800,9995.0,30,10005.0,30
-1,72900,9995.04,24,10004.96,24
-1,73000,9995.08,26,10004.92,26
-1,73100,9995.08,26,10004.45,31
-1,73200,9995.03,31,10004.97,31
-1,73300,9995.08,24,10004.92,24
-1,73400,9995.03,30,10001.75,8
-1,73500,9995.0,21,10004.68,22
-1,73600,9995.32,22,10005.0,21
-1,73700,9995.0,20,10002.67,30
-1,73800,9995.74,34,10005.0,27
-1,73900,9995.41,27,10004.92,24
-1,74000,9995.0,21,10005.0,21
-1,74100,9995.29,28,10004.92,26
-1,74200,9995.0,29,10005.0,29
-1,74300,9995.0,24,10005.0,24
-1,74400,9995.0,21,10005.0,21
-1,74500,9995.0,27,10005.0,27
-1,74600,9995.07,29,10004.93,29
-1,74700,9995.09,22,10004.61,23
-1,74800,9995.08,24,10004.38,26
-1,74900,9995.05,22,10001.6,5
-1,75000,9995.08,25,10004.92,25
-1,75100,9999.2,10,10004.91,23
-1,75200,9995.03,29,10004.97,29
-1,75300,9995.0,27,10005.0,27
-1,75400,9995.07,28,10004.93,28
-1,75500,9995.04,24,10004.96,24
-1,75600,9995.0,30,10004.31,39
-1,75700,9995.0,20,10004.86,21
-1,75800,9995.06,31,10004.94,31
-1,75900,9995.05,21,10004.95,21
-1,76000,9995.8,25,10004.1,30
-1,76100,9995.04,26,10004.96,26
-1,76200,9995.0,20,10005.0,20
-1,76300,9995.05,22,10002.5,34
-1,76400,9995.07,28,10004.93,28
-1,76500,9995.05,21,10004.95,21
-1,76600,9995.0,30,10005.0,30
-1,76700,9995.15,27,10004.96,26
-1,76800,9995.07,27,10004.93,27
-1,76900,9995.09,23,10004.91,23
-1,77000,9995.06,32,10004.94,32
-1,77100,9995.03,30,10004.97,30
-1,77200,9995.03,30,10004.97,30
-1,77300,9995.04,24,10004.96,24
-1,77400,9995.05,22,10004.95,22
-1,77500,9995.07,28,10004.26,31
-1,77600,9995.03,31,10004.97,31
-1,77700,9995.38,32,10005.0,28
-1,77800,9995.0,29,10005.0,29
-1,77900,9995.08,26,10004.67,27
-1,78000,9995.23,30,10004.96,28
-1,78100,9998.33,6,10004.97,31
-1,78200,9995.69,36,10004.96,28
-1,78300,9995.29,31,10005.0,28
-1,78400,9995.07,28,10004.93,28
-1,78500,9995.0,21,10005.0,21
-1,78600,9995.06,32,10004.94,32
-1,78700,9995.0,21,10005.0,21
-1,78800,9996.57,37,10004.93,29
-1,78900,9995.03,30,10004.97,30
-1,79000,9995.04,24,10004.96,24
-1,79100,9995.0,24,10005.0,24
-1,79200,9995.04,26,10004.96,26
-1,79300,9995.04,23,10004.96,23
-1,79400,9995.05,22,10004.95,22
-1,79500,9995.07,28,10004.93,28
-1,79600,9995.0,24,10005.0,24
-1,79700,10000.93,15,10004.94,31
-1,79800,9995.08,26,10004.92,26
-1,79900,9995.63,27,10004.91,22
-1,80000,9995.04,25,10004.96,25
-1,80100,9995.0,23,10004.46,28
-1,80200,9995.09,22,10004.91,22
-1,80300,9995.0,23,10005.0,23
-1,80400,9995.05,22,10004.65,23
-1,80500,9995.32,28,10004.93,27
-1,80600,9995.0,21,10004.68,22
-1,80700,9995.03,31,10004.75,32
-1,80800,9995.66,38,10004.97,30
-1,80900,9995.62,32,10004.92,26
-1,81000,9995.0,22,10005.0,22
-1,81100,9995.08,26,10004.92,26
-1,81200,9995.09,23,10004.91,23
-1,81300,9995.0,29,10005.0,29
-1,81400,9995.03,31,10004.97,31
-1,81500,9995.29,31,10004.93,30
-1,81600,9995.04,25,10004.96,25
-1,81700,9995.4,30,10005.0,26
-1,81800,9995.07,28,10004.93,28
-1,81900,9995.04,24,10004.96,24
-1,82000,9995.04,24,10004.96,24
-1,82100,9995.2,25,10004.92,24
-1,82200,9995.0,24,10005.0,24
-1,82300,9995.19,32,10005.0,30
-1,82400,9995.73,33,10005.0,25
-1,82500,9995.0,26,10005.0,26
-1,82600,9995.3,27,10004.96,26
-1,82700,9995.04,28,10004.96,28
-1,82800,9995.09,23,10004.91,23
-1,82900,9995.05,22,10004.71,24
-1,83000,9995.77,31,10005.0,23
-1,83100,9995.0,28,10004.76,29
-1,83200,9995.57,37,10005.0,30
-1,83300,9995.0,30,10004.81,32
-1,83400,9995.29,28,10004.96,27
-1,83500,9995.08,24,10004.26,31
-1,83600,9995.0,27,10005.0,27
-1,83700,9995.23,30,10005.0,29
-1,83800,9995.0,24,10005.0,24
-1,83900,9995.0,25,10004.88,26
-1,84000,9995.05,22,10004.95,22
-1,84100,9995.32,25,10004.96,24
-1,84200,9995.03,30,10004.34,38
-1,84300,9995.08,26,10004.92,26
-1,84400,9995.04,24,10004.37,30
-1,84500,9995.04,28,10004.31,36
-1,84600,9995.0,21,10005.0,21
-1,84700,9995.31,35,10004.94,32
-1,84800,9995.33,24,10004.96,23
-1,84900,9995.03,29,10004.97,29
-1,85000,9995.0,29,10005.0,29
-1,85100,9995.09,22,10004.13,30
-1,85200,9995.07,27,10004.19,36
-1,85300,9995.0,22,10004.54,26
-1,85400,9995.0,29,10005.0,29
-1,85500,9995.59,39,10004.94,32
-1,85600,9995.07,27,10004.32,34
-1,85700,9995.09,22,10004.91,22
-1,85800,9998.0,4,10004.91,22
-1,85900,9995.05,21,10004.95,21
-1,86000,9995.05,21,10004.95,21
-1,86100,9995.09,22,10004.91,22
-1,86200,9995.0,22,10004.42,24
-1,86300,9995.52,27,10004.91,23
-1,86400,9995.0,23,10005.0,23
-1,86500,9995.68,38,10004.93,30
-1,86600,9995.0,27,10004.89,28
-1,86700,9995.0,26,10005.0,26
-1,86800,9995.05,21,10004.35,23
-1,86900,9995.59,39,10004.65,34
-1,87000,9995.07,28,10001.65,17
-1,87100,9995.06,32,10000.6,10
-1,87200,9995.0,27,10005.0,27
-1,87300,9995.06,31,10004.94,31
-1,87400,9995.35,34,10005.0,30
-1,87500,9995.0,22,10005.0,22
-1,87600,9995.04,26,10004.96,26
-1,87700,9995.0,23,10005.0,23
-1,87800,9995.07,27,10004.93,27
-1,87900,9995.0,22,10005.0,22
-1,88000,9995.84,38,10004.93,28
-1,88100,9995.03,31,10004.97,31
-1,88200,9995.0,24,10005.0,24
-1,88300,9995.07,29,10004.93,29
-1,88400,9995.05,22,10004.1,31
-1,88500,9995.36,25,10004.92,24
-1,88600,9995.35,23,10004.95,22
-1,88700,9995.0,28,10005.0,28
-1,88800,9995.03,30,10004.97,30
-1,88900,9995.86,35,10004.94,31
-1,89000,9995.07,28,10004.93,28
-1,89100,9995.0,24,10005.0,24
-1,89200,9995.0,25,10005.0,25
-1,89300,9995.07,28,10004.93,28
-1,89400,9995.09,23,10004.91,23
-1,89500,9995.07,28,10004.93,28
-1,89600,9995.34,29,10004.96,26
-1,89700,9995.0,21,10004.42,26
-1,89800,9998.67,12,10004.97,31
-1,89900,9995.63,27,10004.91,22
-1,90000,9995.0,29,10005.0,29
-1,90100,9995.05,22,10004.95,22
-1,90200,9995.31,26,10004.92,24
-1,90300,9995.38,32,10005.0,28
-1,90400,9995.04,26,10004.96,26
-1,90500,9995.07,27,10004.93,27
-1,90600,9995.0,24,10005.0,24
-1,90700,9995.04,23,10000.73,11
-1,90800,9995.07,27,10004.93,27
-1,90900,9995.0,23,10004.23,31
-1,91000,9995.07,29,10004.93,29
-1,91100,9995.03,29,10004.97,29
-1,91200,9995.08,24,10004.54,26
-1,91300,9995.07,30,10004.5,32
-1,91400,9995.25,28,10005.0,27
-1,91500,9995.03,30,10004.97,30
-1,91600,9995.0,22,10004.7,23
-1,91700,9995.03,31,10004.97,31
-1,91800,9995.03,30,10004.33,33
-1,91900,9995.23,26,10005.0,24
-1,92000,9995.67,33,10004.96,26
-1,92100,9995.09,23,10004.91,23
-1,92200,9995.08,26,10004.92,26
-1,92300,9995.25,28,10005.0,27
-1,92400,9995.05,22,10004.95,22
-1,92500,9995.09,22,10004.06,31
-1,92600,9995.0,26,10005.0,26
-1,92700,9995.0,21,10005.0,21
-1,92800,9995.0,20,10005.0,20
-1,92900,9995.0,25,10004.88,26
-1,93000,9995.08,25,10004.61,28
-1,93100,9995.07,28,10004.93,28
-1,93200,9995.7,33,10004.93,30
-1,93300,9995.03,30,10004.34,38
-1,93400,9995.0,30,10005.0,30
-1,93500,9995.0,20,10004.31,26
-1,93600,9995.05,21,10004.52,23
-1,93700,9995.08,25,10004.92,25
-1,93800,9995.04,26,10004.96,26
-1,93900,9995.28,29,10004.96,28
-1,94000,9995.05,21,10004.95,21
-1,94100,9995.0,27,10005.0,27
-1,94200,9995.94,33,10004.96,23
-1,94300,9995.0,26,10004.23,35
-1,94400,9995.34,32,10004.93,29
-1,94500,9995.0,20,10005.0,20
-1,94600,9995.0,25,10005.0,25
-1,94700,9995.0,20,10005.0,20
-1,94800,9995.04,24,10004.96,24
-1,94900,9995.29,31,10004.93,30
-1,95000,9995.0,28,10005.0,28
-1,95100,9995.05,21,10004.64,22
-1,95200,9995.9,31,10004.95,22
-1,95300,9995.04,23,10004.96,23
-1,95400,9995.03,31,10004.97,31
-1,95500,9995.14,29,10004.96,28
-1,95600,9995.0,23,10005.0,23
-1,95700,9995.08,26,10004.67,27
-1,95800,9995.07,28,10004.69,29
-1,95900,9995.0,25,10004.73,26
-1,96000,9995.07,30,10004.93,30
-1,96100,9995.09,22,10004.46,26
-1,96200,9995.05,22,10004.95,22
-1,96300,9995.3,23,10005.0,22
-1,96400,9995.06,32,10004.94,32
-1,96500,9995.43,35,10005.0,30
-1,96600,9995.85,26,10005.0,20
-1,96700,9995.04,24,10004.96,24
-1,96800,9995.0,26,10005.0,26
-1,96900,9995.0,28,10005.0,28
-1,97000,9995.63,27,10004.91,22
-1,97100,9995.06,32,10004.94,32
-1,97200,9995.09,22,10004.13,30
-1,97300,9995.14,29,10004.96,28
-1,97400,9995.09,23,10004.91,23
-1,97500,9995.08,24,10004.92,24
-1,97600,9995.0,26,10005.0,26
-1,97700,9995.04,27,10004.96,27
-1,97800,9995.0,24,10005.0,24
-1,97900,9995.29,31,10005.0,28
-1,98000,9995.05,22,10004.65,23
-1,98100,9995.25,32,10004.93,30
-1,98200,9995.05,21,10003.62,26
-1,98300,9995.04,28,10004.96,28
-1,98400,9995.62,29,10005.0,23
-1,98500,9995.07,27,10004.93,27
-1,98600,9995.86,35,10004.94,31
-1,98700,9995.07,27,10004.93,27
-1,98800,9995.05,21,10004.64,22
-1,98900,9995.04,25,10004.96,25
-1,99000,9995.08,24,10004.92,24
-1,99100,9995.52,33,10004.93,28
-1,99200,9995.04,24,10004.19,27
-1,99300,9995.0,27,10004.31,35
-1,99400,9995.0,27,10003.91,32
-1,99500,9995.04,23,10004.96,23
-1,99600,9995.53,34,10005.0,28
-1,99700,9998.67,3,10004.97,29
-1,99800,9995.34,29,10004.96,26
-1,99900,9995.08,26,10004.92,26
-1,100000,9995.36,25,10005.0,22
-1,100100,9995.04,26,10004.96,26
-1,100200,9995.0,30,10005.0,30
-1,100300,9995.07,28,10004.93,28
-1,100400,9995.04,25,10003.12,34
-1,100500,9995.07,27,10004.93,27
-1,100600,9995.09,23,10004.62,24
-1,100700,9995.0,30,10005.0,30
-1,100800,9995.04,23,10004.72,25
-1,100900,9995.0,24,10004.88,25
-1,101000,9995.71,28,10004.91,22
-1,101100,9995.0,27,10005.0,27
-1,101200,9995.0,28,10005.0,28
-1,101300,9995.0,20,10005.0,20
-1,101400,9995.0,21,10004.39,23
-1,101500,9996.0,31,10004.95,21
-1,101600,9995.08,24,10004.5,28
-1,101700,9995.29,28,10004.96,27
-1,101800,9995.06,31,10004.84,32
-1,101900,9995.08,25,10004.92,25
-1,102000,9995.04,28,10004.96,28
-1,102100,9995.07,29,10001.75,16
-1,102200,9995.04,26,10004.96,26
-1,102300,9995.53,34,10005.0,28
-1,102400,9995.04,28,10004.96,28
-1,102500,9995.04,27,10004.96,27
-1,102600,9995.1,29,10005.0,28
-1,102700,9995.14,22,10005.0,21
-1,102800,9995.0,27,10005.0,27
-1,102900,9995.04,25,10004.47,30
-1,103000,9995.0,27,10005.0,27
-1,103100,9995.05,22,10003.89,28
-1,103200,9995.0,30,10005.0,30
-1,103300,9995.05,22,10004.95,22
-1,103400,9995.07,27,10004.93,27
-1,103500,9995.04,27,10004.96,27
-1,103600,9995.04,27,10000.83,12
-1,103700,9995.0,30,10004.21,39
-1,103800,9995.06,32,10004.94,32
-1,103900,9995.32,31,10004.96,28
-1,104000,9995.05,22,10004.38,24
-1,104100,9995.03,31,10004.97,31
-1,104200,9995.06,31,10004.94,31
-1,104300,9995.05,21,10004.95,21
-1,104400,9995.04,24,10000.89,9
-1,104500,9995.06,31,10004.94,31
-1,104600,9995.04,26,10004.96,26
-1,104700,9995.0,30,10005.0,30
-1,104800,9995.48,25,10005.0,21
-1,104900,9995.55,29,10004.96,24
-1,105000,9995.0,21,10005.0,21
-1,105100,9995.3,23,10005.0,22
-1,105200,9995.07,30,10004.93,30
-1,105300,9995.03,31,10004.97,31
-1,105400,9995.09,23,10004.91,23
-1,105500,9995.07,29,10004.93,29
-1,105600,9995.0,28,10005.0,28
-1,105700,9995.0,29,10004.81,31
-1,105800,9995.06,32,10004.94,32
-1,105900,9995.29,24,10005.0,23
-1,106000,9995.52,33,10004.93,28
-1,106100,9995.04,25,10004.31,32
-1,106200,9995.07,29,10004.93,29
-1,106300,9995.0,25,10005.0,25
-1,106400,9995.07,27,10004.93,27
-1,106500,9995.73,33,10005.0,25
-1,106600,9995.0,30,10004.81,32
-1,106700,9995.03,31,10004.97,31
-1,106800,9995.61,33,10004.93,27
-1,106900,9995.7,30,10005.0,23
-1,107000,9995.22,32,10004.97,30
-1,107100,10000.33,6,10004.96,27
-1,107200,9995.09,23,10004.91,23
-1,107300,9995.04,23,10004.83,24
-1,107400,9996.79,39,10005.0,29
-1,107500,9995.07,27,10004.93,27
-1,107600,9995.0,25,10004.68,28
-1,107700,9995.0,21,10005.0,21
-1,107800,9995.03,31,10004.97,31
-1,107900,9995.0,25,10004.88,26
-1,108000,9995.84,31,10004.91,23
-1,108100,9995.0,30,10005.0,30
-1,108200,9995.0,25,10005.0,25
-1,108300,9996.95,43,10005.0,27
-1,108400,9995.93,29,10005.0,20
-1,108500,9995.0,30,10005.0,30
-1,108600,9995.03,31,10004.75,32
-1,108700,9995.07,27,10004.93,27
-1,108800,9995.08,26,10004.92,26
-1,108900,9995.04,23,10004.83,24
-1,109000,9995.27,26,10004.96,24
-1,109100,9995.09,22,10004.0,32
-1,109200,9995.0,25,10005.0,25
-1,109300,9998.25,8,10004.96,25
-1,109400,9995.08,25,10004.15,34
-1,109500,9995.43,35,10005.0,30
-1,109600,9995.58,26,10005.0,21
-1,109700,9995.07,28,10004.93,28
-1,109800,9995.07,27,10004.93,27
-1,109900,9995.0,29,10005.0,29
-1,110000,9995.04,25,10004.96,25
-1,110100,9995.04,25,10004.96,25
-1,110200,9995.0,28,10005.0,28
-1,110300,9995.04,27,10004.5,32
-1,110400,9995.0,26,10005.0,26
-1,110500,9995.0,21,10005.0,21
-1,110600,9995.04,27,10004.71,28
-1,110700,9995.35,26,10004.92,25
-1,110800,9995.08,24,10004.92,24
-1,110900,9995.0,26,10004.79,28
-1,111000,9995.0,26,10005.0,26
-1,111100,9995.05,21,10004.95,21
-1,111200,9995.7,27,10004.95,21
-1,111300,9995.03,30,10004.62,34
-1,111400,9995.0,21,10004.68,22
-1,111500,9996.24,29,10004.96,24
-1,111600,9995.04,25,10004.85,26
-1,111700,9995.0,20,10005.0,20
-1,111800,9995.08,25,10004.92,25
-1,111900,9995.08,24,10004.92,24
-1,112000,9995.04,24,10004.96,24
-1,112100,9995.0,25,10005.0,25
-1,112200,9995.0,20,10005.0,20
-1,112300,9995.07,27,10004.93,27
-1,112400,9995.0,28,10005.0,28
-1,112500,9995.82,34,10004.96,25
-1,112600,9995.0,29,10005.0,29
-1,112700,9995.05,22,10004.95,22
-1,112800,9995.0,27,10004.53,32
-1,112900,9995.08,25,10004.92,25
-1,113000,9995.03,30,10004.97,30
-1,113100,9995.0,22,10004.13,31
-1,113200,9995.04,25,10004.96,25
-1,113300,9995.09,22,10004.67,24
-1,113400,9995.23,30,10005.0,29
-1,113500,9995.31,32,10004.97,29
-1,113600,9995.0,24,10004.67,27
-1,113700,9995.04,27,10004.29,35
-1,113800,9995.08,25,10004.92,25
-1,113900,9995.05,21,10004.95,21
-1,114000,9995.07,27,10004.93,27
-1,114100,9995.07,30,10004.93,30
-1,114200,9995.03,31,10004.97,31
-1,114300,9995.05,21,10004.95,21
-1,114400,9995.07,27,10004.93,27
-1,114500,9995.07,27,10004.93,27
-1,114600,9995.04,28,10004.96,28
-1,114700,9995.07,30,10004.93,30
-1,114800,9995.0,21,10005.0,21
-1,114900,9995.07,27,10004.63,30
-1,115000,9995.07,30,10004.59,34
-1,115100,9995.07,27,10004.93,27
-1,115200,9995.52,33,10004.93,28
-1,115300,9996.93,41,10004.93,30
-1,115400,9995.74,38,10004.97,29
-1,115500,9995.08,25,10003.97,29
-1,115600,9995.03,31,10004.97,31
-1,115700,9995.44,36,10004.97,31
-1,115800,9995.0,30,10005.0,30
-1,115900,9995.73,37,10005.0,28
-1,116000,9995.03,30,10004.62,34
-1,116100,9995.0,28,10005.0,28
-1,116200,9995.11,27,10005.0,26
-1,116300,9995.08,26,10002.0,13
-1,116400,9995.06,31,10002.0,5
-1,116500,9995.07,29,10004.93,29
-1,116600,9995.07,30,10004.93,30
-1,116700,9995.04,23,10004.96,23
-1,116800,9995.0,30,10005.0,30
-1,116900,9995.03,29,10004.97,29
-1,117000,9995.0,21,10005.0,21
-1,117100,9995.08,26,10004.53,30
-1,117200,9995.04,23,10004.96,23
-1,117300,9995.0,29,10005.0,29
-1,117400,9995.06,32,10004.85,33
-1,117500,9995.04,23,10004.19,31
-1,117600,9995.48,27,10004.96,23
-1,117700,9995.04,24,10004.96,24
-1,117800,9995.04,26,10004.48,31
-1,117900,9995.03,31,10004.75,32
-1,118000,9995.03,30,10004.97,30
-1,118100,9995.76,25,10005.0,20
-1,118200,9995.04,26,10004.33,33
-1,118300,9995.56,25,10005.0,23
-1,118400,9995.04,28,10004.96,28
-1,118500,9995.79,38,10005.0,28
-1,118600,9995.62,37,10004.93,30
-1,118700,9995.07,29,10004.93,29
-1,118800,9995.0,24,10005.0,24
-1,118900,9995.71,31,10004.96,28
-1,119000,9995.04,27,10004.71,28
-1,119100,9995.27,26,10005.0,25
-1,119200,9995.03,29,10004.97,29
-1,119300,9995.04,23,10004.96,23
-1,119400,9995.07,27,10004.93,27
-1,119500,9995.07,27,10004.93,27
-1,119600,9995.0,25,10005.0,25
-1,119700,9995.08,25,10004.92,25
-1,119800,9995.0,26,10005.0,26
-1,119900,9995.08,25,10004.15,34
-1,120000,9995.04,28,10004.96,28
-1,120100,9995.09,22,10004.91,22
-1,120200,9996.04,27,10005.0,23
-1,120300,9995.0,28,10004.9,29
-1,120400,9995.45,33,10005.0,28
-1,120500,9995.0,29,10005.0,29
-1,120600,9995.86,37,10004.93,27
-1,120700,9995.05,21,10004.64,22
-1,120800,9995.07,28,10004.93,28
-1,120900,9995.32,25,10004.96,24
-1,121000,9995.08,26,10004.92,26
-1,121100,9995.0,21,10005.0,21
-1,121200,9995.0,27,10005.0,27
-1,121300,9995.04,27,10004.96,27
-1,121400,9995.0,20,10005.0,20
-1,121500,9995.25,28,10005.0,27
-1,121600,9995.06,31,10004.68,34
-1,121700,9995.04,26,10004.96,26
-1,121800,9995.0,27,10004.45,33
-1,121900,9995.39,23,10004.91,22
-1,122000,9995.03,31,10004.88,32
-1,122100,9995.88,32,10004.96,23
-1,122200,9995.07,28,10004.93,28
-1,122300,9995.0,24,10005.0,24
-1,122400,9995.0,22,10005.0,22
-1,122500,9995.09,23,10004.31,29
-1,122600,9995.46,28,10004.96,24
-1,122700,9996.35,26,10005.0,21
-1,122800,9995.06,32,10004.94,32
-1,122900,9995.0,23,10004.56,27
-1,123000,9995.0,27,10005.0,27
-1,123100,9995.88,25,10005.0,21
-1,123200,9995.08,26,10004.67,27
-1,123300,9995.05,21,10004.95,21
-1,123400,9995.04,24,10004.96,24
-1,123500,9995.61,28,10004.91,23
-1,123600,9995.0,30,10005.0,30
-1,123700,9995.04,28,10004.96,28
-1,123800,9995.06,31,10004.94,31
-1,123900,9995.0,27,10005.0,27
-1,124000,9995.27,26,10005.0,25
-1,124100,9995.0,28,10004.32,31
-1,124200,9995.06,32,10004.0,37
-1,124300,9995.84,32,10005.0,23
-1,124400,9995.0,24,10005.0,24
-1,124500,9995.09,23,10004.91,23
-1,124600,9995.0,30,10005.0,30
-1,124700,9995.06,32,10004.94,32
-1,124800,9995.0,28,10005.0,28
-1,124900,9995.04,23,10004.96,23
-1,125000,9995.0,27,10005.0,27
-1,125100,9995.04,26,10003.84,31
-1,125200,9995.67,30,10004.92,24
-1,125300,9995.58,31,10005.0,25
-1,125400,9995.08,26,10004.92,26
-1,125500,9995.0,26,10004.74,27
-1,125600,9995.03,31,10004.88,32
-1,125700,9995.29,28,10004.92,26
-1,125800,9995.04,25,10004.85,26
-1,125900,9995.46,24,10004.95,22
-1,126000,9995.09,22,10004.91,22
-1,126100,9995.03,31,10004.97,31
-1,126200,9995.42,33,10004.93,29
-1,126300,9995.04,23,10004.96,23
-1,126400,9995.03,31,10004.0,36
-1,126500,9995.28,29,10004.93,27
-1,126600,9995.78,41,10004.94,31
-1,126700,9995.09,23,10004.36,25
-1,126800,9995.31,26,10004.96,25
-1,126900,9995.0,21,10004.62,24
-1,127000,9999.0,6,10004.96,28
-1,127100,9995.07,28,10002.0,4
-1,127200,9995.14,21,10005.0,20
-1,127300,9995.0,27,10005.0,27
-1,127400,9995.31,26,10004.96,25
-1,127500,9995.07,27,10004.63,30
-1,127600,9995.89,36,10004.92,26
-1,127700,9995.79,33,10004.92,25
-1,127800,9995.07,28,10001.54,13
-1,127900,9995.0,30,10005.0,30
-1,128000,9995.93,28,10005.0,22
-1,128100,9995.57,30,10004.56,27
-1,128200,9995.06,32,10004.94,32
-1,128300,9995.08,26,10004.92,26
-1,128400,9995.32,25,10004.96,24
-1,128500,9995.03,30,10004.97,30
-1,128600,9995.25,28,10004.96,26
-1,128700,9995.09,23,10004.91,23
-1,128800,9995.71,38,10005.0,29
-1,128900,9995.0,29,10005.0,29
-1,129000,9995.06,32,10004.94,32
-1,129100,9995.0,21,10005.0,21
-1,129200,9995.0,25,10004.78,27
-1,129300,9995.14,21,10005.0,20
-1,129400,9995.0,20,10004.67,21
-1,129500,9995.03,29,10004.73,30
-1,129600,9995.58,38,10004.97,31
-1,129700,9995.07,27,10004.59,29
-1,129800,9995.0,26,10005.0,26
-1,129900,9995.05,21,10004.95,21
-1,130000,9995.06,32,10004.94,32
-1,130100,9995.08,24,10004.12,33
-1,130200,9995.0,24,10005.0,24
-1,130300,9995.0,29,10005.0,29
-1,130400,10000.17,12,10004.93,30
-1,130500,9995.08,25,10004.15,34
-1,130600,9995.38,24,10004.91,23
-1,130700,9995.04,24,10004.96,24
-1,130800,9995.71,35,10004.96,27
-1,130900,9995.0,25,10005.0,25
-1,131000,9995.04,24,10004.96,24
-1,131100,9995.07,29,10004.93,29
-1,131200,9995.05,22,10004.95,22
-1,131300,9995.0,22,10005.0,22
-1,131400,9995.0,23,10005.0,23
-1,131500,9995.05,21,10004.95,21
-1,131600,9998.59,17,10004.97,30
-1,131700,9995.09,23,10004.91,23
-1,131800,9995.2,30,10005.0,28
-1,131900,9995.04,25,10004.96,25
-1,132000,9995.08,24,10004.92,24
-1,132100,9998.17,12,10004.95,21
-1,132200,9995.08,26,10004.92,26
-1,132300,9995.0,25,10004.25,28
-1,132400,9995.0,23,10005.0,23
-1,132500,9995.12,25,10005.0,24
-1,132600,9995.43,28,10005.0,24
-1,132700,9995.06,31,10004.94,31
-1,132800,9995.0,30,10005.0,30
-1,132900,9995.0,21,10005.0,21
-1,133000,9995.06,32,10004.73,33
-1,133100,9995.03,30,10004.97,30
-1,133200,9995.77,40,10004.97,30
-1,133300,9995.0,29,10005.0,29
-1,133400,9998.67,12,10004.96,23
-1,133500,9995.36,25,10005.0,22
-1,133600,9995.09,22,10004.06,31
-1,133700,9995.04,26,10004.96,26
-1,133800,9995.07,28,10004.93,28
-1,133900,9995.0,20,10005.0,20
-1,134000,9995.03,31,10004.97,31
-1,134100,9995.0,25,10005.0,25
-1,134200,9995.7,30,10005.0,23
-1,134300,9995.05,21,10004.48,25
-1,134400,9995.04,25,10004.96,25
-1,134500,9995.0,25,10004.59,29
-1,134600,9995.05,21,10004.95,21
-1,134700,9995.17,24,10004.96,23
-1,134800,9995.08,26,10004.45,31
-1,134900,9995.04,23,10004.62,26
-1,135000,9995.81,27,10004.96,24
-1,135100,9995.33,27,10004.92,26
-1,135200,9995.03,31,10004.3,40
-1,135300,9995.07,30,10004.93,30
-1,135400,9995.04,28,10004.86,29
-1,135500,9995.07,29,10004.93,29
-1,135600,9995.0,24,10005.0,24
-1,135700,9995.0,24,10005.0,24
-1,135800,9995.09,23,10004.16,31
-1,135900,9996.07,28,10004.92,24
-1,136000,9995.09,23,10004.79,24
-1,136100,9995.0,29,10005.0,29
-1,136200,9995.0,21,10005.0,21
-1,136300,9995.05,21,10004.95,21
-1,136400,9995.0,28,10005.0,28
-1,136500,9995.04,28,10004.44,34
-1,136600,9995.0,27,10005.0,27
-1,136700,9995.03,30,10004.97,30
-1,136800,9995.0,25,10005.0,25
-1,136900,9995.69,26,10005.0,20
-1,137000,9995.28,25,10005.0,24
-1,137100,9995.32,28,10004.93,27
-1,137200,9995.0,22,10005.0,22
-1,137300,9995.04,28,10004.96,28
-1,137400,9995.0,22,10005.0,22
-1,137500,9995.04,23,10004.4,25
-1,137600,9995.04,26,10004.85,27
-1,137700,9995.08,24,10004.92,24
-1,137800,9995.08,25,10004.92,25
-1,137900,9995.08,26,10004.92,26
-1,138000,9995.0,22,10003.13,30
-1,138100,9995.09,22,10004.91,22
-1,138200,9995.04,23,10004.67,24
-1,138300,9995.0,23,10005.0,23
-1,138400,9999.52,21,10004.93,30
-1,138500,9995.03,29,10004.97,29
-1,138600,9995.04,26,10004.96,26
-1,138700,9995.07,28,10004.41,34
-1,138800,9995.0,21,10005.0,21
-1,138900,9995.04,26,10004.96,26
-1,139000,9995.03,31,10004.97,31
-1,139100,9995.86,36,10004.97,30
-1,139200,9995.0,22,10005.0,22
-1,139300,9995.0,28,10005.0,28
-1,139400,9995.05,22,10001.71,7
-1,139500,9995.04,23,10004.96,23
-1,139600,9995.0,26,10005.0,26
-1,139700,9995.07,30,10004.93,30
-1,139800,9995.07,30,10004.93,30
-1,139900,9995.06,32,10004.94,32
-1,140000,9995.0,25,10005.0,25
-1,140100,9995.36,28,10004.96,25
-1,140200,9995.03,31,10004.97,31
-1,140300,9995.14,22,10005.0,21
-1,140400,9995.93,30,10004.95,21
-1,140500,9995.05,21,10004.64,22
-1,140600,9995.09,22,10004.91,22
-1,140700,9995.05,22,10004.95,22
-1,140800,9995.09,23,10002.0,6
-1,140900,9995.04,23,10004.96,23
-1,141000,9995.05,21,10004.64,22
-1,141100,9995.0,28,10005.0,28
-1,141200,9995.0,22,10005.0,22
-1,141300,9995.67,24,10004.21,28
-1,141400,9995.0,26,10004.74,27
-1,141500,9995.08,26,10004.92,26
-1,141600,9995.08,24,10004.33,30
-1,141700,9995.33,21,10005.0,20
-1,141800,9995.0,21,10005.0,21
-1,141900,9995.67,39,10004.94,31
-1,142000,9995.0,29,10005.0,29
-1,142100,9995.0,27,10004.89,28
-1,142200,9995.0,21,10005.0,21
-1,142300,9995.04,25,10004.96,25
-1,142400,9995.0,23,10005.0,23
-1,142500,9995.0,24,10004.72,25
-1,142600,9995.07,29,10004.93,29
-1,142700,9995.09,22,10004.91,22
-1,142800,9995.44,34,10005.0,29
-1,142900,9995.06,32,10004.94,32
-1,143000,9995.07,29,10004.93,29
-1,143100,9995.07,27,10004.93,27
-1,143200,9995.04,24,10004.96,24
-1,143300,9995.21,29,10005.0,27
-1,143400,9995.04,27,10004.96,27
-1,143500,9995.76,34,10004.92,26
-1,143600,9995.04,24,10004.96,24
-1,143700,9995.04,25,10004.96,25
-1,143800,9995.54,26,10004.91,22
-1,143900,9995.67,33,10004.93,29
-1,144000,9995.09,23,10004.48,27
-1,144100,9995.08,25,10004.92,25
-1,144200,9995.63,30,10004.96,24
-1,144300,9995.0,30,10004.31,39
-1,144400,9995.04,28,10004.96,28
-1,144500,9995.06,31,10004.94,31
-1,144600,9995.3,27,10004.92,25
-1,144700,9995.07,29,10004.93,29
-1,144800,9995.25,28,10005.0,27
-1,144900,9995.09,23,10004.91,23
-1,145000,9995.04,24,10004.96,24
-1,145100,9996.0,30,10005.0,20
-1,145200,9995.03,29,10004.97,29
-1,145300,9995.08,26,10004.92,26
-1,145400,9995.05,22,10004.95,22
-1,145500,9995.08,24,10004.41,29
-1,145600,9995.0,30,10004.5,36
-1,145700,9995.04,24,10004.29,31
-1,145800,9995.14,22,10005.0,21
-1,145900,9995.56,25,10005.0,23
-1,146000,9995.08,24,10004.92,24
-1,146100,9995.0,27,10004.25,36
-1,146200,9995.08,24,10004.19,32
-1,146300,9995.0,21,10005.0,21
-1,146400,9995.67,39,10004.94,31
-1,146500,9995.06,31,10004.52,33
-1,146600,9995.06,32,10004.94,32
-1,146700,9995.06,31,10004.94,31
-1,146800,9995.75,32,10005.0,24
-1,146900,9995.04,28,10004.96,28
-1,147000,9995.28,29,10004.96,28
-1,147100,9995.73,33,10005.0,25
-1,147200,9995.0,23,10005.0,23
-1,147300,9995.07,29,10004.93,29
-1,147400,9995.04,23,10004.96,23
-1,147500,9995.0,24,10005.0,24
-1,147600,9995.03,29,10004.97,29
-1,147700,9995.82,34,10005.0,26
-1,147800,9995.03,30,10004.97,30
-1,147900,9995.07,27,10004.93,27
-1,148000,9995.9,31,10005.0,27
-1,148100,9995.0,24,10004.72,25
-1,148200,9995.07,27,10004.03,31
-1,148300,9996.38,26,10004.95,21
-1,148400,9995.05,21,10004.95,21
-1,148500,9995.69,32,10004.96,25
-1,148600,9995.04,24,10004.96,24
-1,148700,9995.0,25,10005.0,25
-1,148800,9995.06,31,10004.53,36
-1,148900,9995.04,28,10004.96,28
-1,149000,9995.05,22,10004.71,24
-1,149100,9995.71,28,10004.91,22
-1,149200,9995.49,35,10004.93,30
-1,149300,9995.24,33,10004.94,31
-1,149400,9995.0,24,10005.0,24
-1,149500,9995.0,21,10004.33,27
-1,149600,9995.67,27,10005.0,21
-1,149700,9995.36,33,10005.0,29
-1,149800,9995.09,22,10004.0,32
-1,149900,9995.0,29,10005.0,29
-1,150000,9995.69,26,10005.0,20
-1,150100,9995.06,32,10004.54,37
-1,150200,9995.38,26,10004.96,23
-1,150300,9995.3,27,10004.96,26
-1,150400,9995.63,27,10004.91,22
-1,150500,9995.32,22,10005.0,21
-1,150600,9995.27,26,10005.0,25
-1,150700,9995.03,31,10004.97,31
-1,150800,9995.56,27,10005.0,22
-1,150900,9995.0,30,10004.9,31
-1,151000,9995.68,28,10004.95,22
-1,151100,9995.0,21,10004.52,25
-1,151200,9995.74,31,10004.92,24
-1,151300,9995.0,24,10005.0,24
-1,151400,9995.06,32,10002.0,5
-1,151500,9995.07,30,10004.93,30
-1,151600,9995.04,24,10004.96,24
-1,151700,9995.0,22,10005.0,22
-1,151800,9995.0,26,10005.0,26
-1,151900,9995.04,24,10004.96,24
-1,152000,9995.74,34,10005.0,29
-1,152100,9998.0,11,10004.91,23
-1,152200,9995.59,27,10004.95,22
-1,152300,9995.0,27,10005.0,27
-1,152400,9995.04,23,10004.67,24
-1,152500,9995.0,27,10005.0,27
-1,152600,9995.71,35,10004.96,27
-1,152700,9995.04,27,10004.96,27
-1,152800,9995.05,21,10004.82,22
-1,152900,9995.05,22,10004.95,22
-1,153000,9995.08,24,10004.64,25
-1,153100,9995.08,25,10004.92,25
-1,153200,9995.64,22,10005.0,20
-1,153300,9995.09,23,10004.62,24
-1,153400,9995.0,20,10005.0,20
-1,153500,9996.0,30,10005.0,20
-1,153600,9995.06,31,10004.94,31
-1,153700,9995.0,26,10005.0,26
-1,153800,9995.09,23,10004.91,23
-1,153900,9995.0,28,10005.0,28
-1,154000,9995.07,27,10004.93,27
-1,154100,9995.07,27,10004.93,27
-1,154200,9995.04,23,10004.96,23
-1,154300,9995.0,23,10004.76,25
-1,154400,9995.0,26,10005.0,26
-1,154500,9995.07,27,10004.93,27
-1,154600,9995.26,23,10005.0,21
-1,154700,9995.07,28,10004.93,28
-1,154800,9995.07,29,10004.93,29
-1,154900,9995.09,23,10004.16,31
-1,155000,9995.09,22,10004.91,22
-1,155100,9996.38,26,10004.95,21
-1,155200,9995.33,30,10004.96,27
-1,155300,9995.07,29,10004.28,32
-1,155400,9995.03,30,10004.97,30
-1,155500,9995.0,23,10005.0,23
-1,155600,9995.07,29,10004.93,29
-1,155700,9995.5,32,10004.96,27
-1,155800,9995.0,28,10005.0,28
-1,155900,9995.07,29,10004.18,39
-1,156000,9995.76,29,10004.96,26
-1,156100,9995.24,29,10005.0,28
-1,156200,9995.04,23,10004.96,23
-1,156300,9995.0,26,10005.0,26
-1,156400,9995.25,28,10004.96,26
-1,156500,9995.04,26,10004.75,28
-1,156600,9995.48,33,10004.96,28
-1,156700,9995.54,37,10004.94,31
-1,156800,9995.12,26,10005.0,25
-1,156900,9995.0,26,10004.74,27
-1,157000,9995.93,29,10005.0,22
-1,157100,9995.04,27,10004.86,28
-1,157200,9995.07,29,10004.93,29
-1,157300,9995.71,41,10004.94,32
-1,157400,9995.09,22,10004.91,22
-1,157500,9995.08,25,10004.92,25
-1,157600,9995.09,23,10004.91,23
-1,157700,9995.04,25,10004.96,25
-1,157800,9995.04,26,10004.66,29
-1,157900,9995.55,31,10004.92,26
-1,158000,9995.0,29,10004.77,30
-1,158100,9995.06,31,10004.84,32
-1,158200,9995.07,27,10004.32,34
-1,158300,9995.61,28,10004.91,23
-1,158400,9995.03,29,10004.97,29
-1,158500,9995.23,30,10005.0,29
-1,158600,9995.04,23,10004.96,23
-1,158700,9995.0,29,10004.77,30
-1,158800,9995.04,26,10004.96,26
-1,158900,9995.0,20,10005.0,20
-1,159000,9995.05,22,10003.88,26
-1,159100,9995.04,25,10004.64,28
-1,159200,9995.0,20,10004.61,23
-1,159300,9995.07,30,10004.93,30
-1,159400,9995.05,21,10004.64,22
-1,159500,9995.0,25,10005.0,25
-1,159600,9995.06,32,10004.94,32
-1,159700,9995.03,31,10004.97,31
-1,159800,9996.26,35,10004.93,29
-1,159900,9995.0,20,10005.0,20
-1,160000,9996.03,29,10005.0,23
-1,160100,9995.49,35,10004.94,32
-1,160200,9995.06,32,10004.94,32
-1,160300,9995.04,23,10004.96,23
-1,160400,9995.04,28,10004.96,28
-1,160500,9995.07,28,10004.56,32
-1,160600,9995.04,23,10004.96,23
-1,160700,9995.07,30,10004.93,30
-1,160800,9995.03,29,10004.97,29
-1,160900,9995.08,25,10004.35,31
-1,161000,9995.08,26,10004.92,26
-1,161100,9995.04,23,10004.62,26
-1,161200,9995.0,24,10005.0,24
-1,161300,9995.04,27,10004.86,28
-1,161400,9995.03,29,10004.97,29
-1,161500,9995.0,23,10004.46,28
-1,161600,9995.23,31,10005.0,30
-1,161700,9995.03,30,10004.97,30
-1,161800,9995.2,30,10005.0,28
-1,161900,9995.0,28,10005.0,28
-1,162000,9995.03,31,10004.97,31
-1,162100,9995.06,32,10004.94,32
-1,162200,9995.3,30,10005.0,27
-1,162300,9995.07,28,10004.16,38
-1,162400,9995.7,37,10004.93,29
-1,162500,9995.0,29,10005.0,29
-1,162600,9995.07,27,10004.93,27
-1,162700,9995.0,28,10005.0,28
-1,162800,9995.0,20,10005.0,20
-1,162900,9995.06,32,10004.94,32
-1,163000,9995.71,35,10004.06,33
-1,163100,9995.09,23,10004.68,25
-1,163200,9995.07,30,10004.93,30
-1,163300,9995.04,26,10004.96,26
-1,163400,9995.03,29,10004.97,29
-1,163500,9995.0,27,10005.0,27
-1,163600,9995.44,32,10005.0,30
-1,163700,9995.0,20,10004.5,24
-1,163800,9995.08,25,10004.35,31
-1,163900,9998.35,17,10004.91,22
-1,164000,9995.0,22,10005.0,22
-1,164100,9995.87,39,10005.0,29
-1,164200,9995.0,23,10005.0,23
-1,164300,9995.07,27,10004.93,27
-1,164400,9995.04,27,10004.96,27
-1,164500,9995.61,31,10004.96,25
-1,164600,9995.06,32,10004.73,33
-1,164700,9995.0,27,10005.0,27
-1,164800,9995.04,24,10004.96,24
-1,164900,9995.0,24,10005.0,24
-1,165000,9995.04,26,10004.7,27
-1,165100,9995.04,28,10004.96,28
-1,165200,9995.26,31,10004.97,30
-1,165300,9995.04,27,10004.86,28
-1,165400,9995.07,30,10004.93,30
-1,165500,9995.05,21,10004.95,21
-1,165600,9995.0,28,10004.52,31
-1,165700,9995.03,29,10004.97,29
-1,165800,9995.27,26,10004.96,24
-1,165900,9995.04,28,10004.96,28
-1,166000,9995.04,24,10004.96,24
-1,166100,9995.0,22,10005.0,22
-1,166200,9995.3,23,10005.0,22
-1,166300,9995.07,30,10004.93,30
-1,166400,9995.52,27,10004.91,23
-1,166500,9995.0,29,10005.0,29
-1,166600,9995.07,28,10004.22,37
-1,166700,9995.0,21,10005.0,21
-1,166800,9995.08,24,10004.69,26
-1,166900,9995.08,24,10004.92,24
-1,167000,9995.09,22,10004.56,25
-1,167100,9995.07,27,10004.93,27
-1,167200,9995.0,23,10004.09,33
-1,167300,9995.0,26,10004.52,31
-1,167400,9995.03,29,10004.87,30
-1,167500,9995.04,27,10004.29,35
-1,167600,9995.0,25,10005.0,25
-1,167700,9995.88,33,10004.92,24
-1,167800,9995.06,32,10004.94,32
-1,167900,9995.03,29,10004.97,29
-1,168000,9995.0,29,10005.0,29
-1,168100,9995.04,23,10004.96,23
-1,168200,9995.0,25,10005.0,25
-1,168300,9995.0,20,10005.0,20
-1,168400,9995.46,35,10004.97,30
-1,168500,9995.08,26,10004.92,26
-1,168600,9995.93,30,10004.95,21
-1,168700,9995.0,20,10004.31,26
-1,168800,9995.75,36,10005.0,27
-1,168900,9995.0,23,10005.0,23
-1,169000,9995.04,28,10001.5,4
-1,169100,9995.0,29,10005.0,29
-1,169200,9995.0,29,10005.0,29
-1,169300,9995.03,30,10004.47,36
-1,169400,9998.44,9,10004.92,24
-1,169500,9995.0,30,10005.0,30
-1,169600,9995.05,22,10004.95,22
-1,169700,9995.63,30,10004.96,24
-1,169800,9995.07,28,10004.93,28
-1,169900,9995.04,23,10004.96,23
-1,170000,9995.0,20,10003.54,26
-1,170100,9995.08,26,10004.92,26
-1,170200,9995.03,31,10004.75,32
-1,170300,9995.04,25,10004.59,27
-1,170400,9995.21,28,10005.0,26
-1,170500,9995.0,26,10005.0,26
-1,170600,9995.06,32,10004.47,38
-1,170700,9995.04,24,10004.96,24
-1,170800,9995.32,25,10004.91,23
-1,170900,9995.03,29,10004.97,29
-1,171000,9995.06,32,10004.94,32
-1,171100,9995.0,30,10005.0,30
-1,171200,9995.03,31,10004.97,31
-1,171300,9995.58,36,10005.0,29
-1,171400,9995.05,22,10004.95,22
-1,171500,9995.03,31,10004.97,31
-1,171600,9995.04,27,10001.71,7
-1,171700,9995.48,29,10005.0,27
-1,171800,9995.0,22,10005.0,22
-1,171900,9995.94,32,10004.36,33
-1,172000,9995.0,30,10005.0,30
-1,172100,9995.08,24,10004.92,24
-1,172200,9995.85,33,10004.96,24
-1,172300,9995.0,28,10005.0,28
-1,172400,9995.0,23,10004.09,33
-1,172500,9995.08,25,10004.92,25
-1,172600,9995.08,24,10004.92,24
-1,172700,9995.06,32,10004.24,42
-1,172800,9995.0,30,10005.0,30
-1,172900,9995.0,20,10004.36,22
-1,173000,9995.64,28,10005.0,22
-1,173100,9995.0,30,10004.81,32
-1,173200,9995.06,32,10004.35,40
-1,173300,9995.05,21,10004.95,21
-1,173400,9995.08,24,10004.92,24
-1,173500,9995.04,26,10004.66,29
-1,173600,9995.16,25,10004.96,24
-1,173700,9995.0,20,10005.0,20
-1,173800,9995.0,29,10005.0,29
-1,173900,9995.03,31,10004.97,31
-1,174000,9995.03,29,10004.97,29
-1,174100,9995.0,20,10005.0,20
-1,174200,9995.03,31,10004.79,33
-1,174300,9995.04,25,10004.96,25
-1,174400,9995.3,30,10004.93,29
-1,174500,9995.38,24,10004.91,23
-1,174600,9995.0,28,10004.9,29
-1,174700,9995.04,25,10004.47,30
-1,174800,9995.03,31,10004.97,31
-1,174900,9995.04,25,10004.96,25
-1,175000,9995.05,21,10004.95,21
-1,175100,9995.0,23,10004.65,26
-1,175200,9995.08,26,10001.14,14
-1,175300,9995.0,22,10005.0,22
-1,175400,9995.0,27,10005.0,27
-1,175500,9995.04,24,10004.96,24
-1,175600,9995.03,31,10004.97,31
-1,175700,9995.09,22,10004.91,22
-1,175800,9995.0,26,10005.0,26
-1,175900,9995.0,20,10004.31,26
-1,176000,9995.59,37,10004.97,30
-1,176100,9995.07,29,10004.93,29
-1,176200,9995.05,21,10004.95,21
-1,176300,9995.6,25,10005.0,20
-1,176400,9995.38,29,10004.92,26
-1,176500,9995.08,24,10003.93,28
-1,176600,9995.09,23,10004.62,24
-1,176700,9995.53,36,10004.97,30
-1,176800,9995.0,26,10005.0,26
-1,176900,9995.07,29,10004.93,29
-1,177000,9995.03,30,10004.97,30
-1,177100,9995.07,30,10004.32,38
-1,177200,9995.07,27,10004.93,27
-1,177300,9995.0,30,10004.77,31
-1,177400,9995.03,31,10004.97,31
-1,177500,9995.09,23,10004.48,27
-1,177600,9995.0,29,10005.0,29
-1,177700,9995.04,24,10004.96,24
-1,177800,9995.07,29,10004.93,29
-1,177900,9995.07,29,10004.93,29
-1,178000,9995.0,23,10005.0,23
-1,178100,9995.08,24,10004.92,24
-1,178200,9995.0,21,10004.17,29
-1,178300,9995.07,27,10004.93,27
-1,178400,9995.0,23,10005.0,23
-1,178500,9995.08,25,10004.92,25
-1,178600,9995.4,25,10004.95,22
-1,178700,9995.52,25,10004.95,21
-1,178800,9995.08,26,10004.92,26
-1,178900,9995.29,31,10005.0,28
-1,179000,9995.06,31,10004.39,38
-1,179100,9995.08,25,10004.92,25
-1,179200,9995.04,28,10004.96,28
-1,179300,9995.08,26,10004.92,26
-1,179400,9995.84,31,10004.96,26
-1,179500,9998.0,5,10004.94,31
-1,179600,9995.07,29,10004.93,29
-1,179700,9995.09,22,10004.91,22
-1,179800,9995.0,28,10005.0,28
-1,179900,9996.11,27,10004.91,23
-1,180000,9995.04,28,10001.71,7
-1,180100,9995.0,21,10005.0,21
-1,180200,9995.04,23,10004.96,23
-1,180300,9995.0,20,10004.67,21
-1,180400,9995.0,27,10005.0,27
-1,180500,9995.0,26,10005.0,26
-1,180600,9995.31,29,10004.93,28
-1,180700,9995.0,27,10005.0,27
-1,180800,9995.05,21,10004.95,21
-1,180900,9995.03,29,10004.97,29
-1,181000,9995.87,31,10005.0,22
-1,181100,9995.0,23,10005.0,23
-1,181200,9995.07,29,10004.93,29
-1,181300,9995.03,29,10004.97,29
-1,181400,9995.04,27,10004.96,27
-1,181500,9995.08,25,10004.92,25
-1,181600,9995.68,34,10004.94,31
-1,181700,9995.79,28,10004.95,21
-1,181800,9995.05,21,10004.38,26
-1,181900,9995.07,27,10004.93,27
-1,182000,9995.08,26,10004.38,32
-1,182100,9995.05,22,10004.95,22
-1,182200,9995.58,36,10005.0,29
-1,182300,9995.0,23,10004.6,25
-1,182400,9995.04,28,10004.96,28
-1,182500,9995.27,30,10004.97,29
-1,182600,9995.09,22,10004.91,22
-1,182700,9995.06,31,10004.94,31
-1,182800,9995.06,32,10004.27,37
-1,182900,9995.0,20,10005.0,20
-1,183000,9995.38,24,10004.91,23
-1,183100,9995.11,28,10005.0,27
-1,183200,9995.03,29,10004.12,33
-1,183300,9995.07,29,10004.93,29
-1,183400,9995.09,22,10004.33,24
-1,183500,9995.08,24,10004.92,24
-1,183600,9995.0,26,10004.29,34
-1,183700,9995.04,23,10004.96,23
-1,183800,9995.08,24,10004.92,24
-1,183900,9995.07,30,10004.93,30
-1,184000,9995.04,24,10004.54,28
-1,184100,9995.0,26,10004.44,32
-1,184200,9995.04,26,10004.96,26
-1,184300,9995.06,32,10004.94,32
-1,184400,9995.07,29,10004.93,29
-1,184500,9995.0,21,10005.0,21
-1,184600,9995.09,22,10004.13,30
-1,184700,9995.05,22,10004.95,22
-1,184800,9995.52,33,10004.93,28
-1,184900,9995.24,29,10004.96,27
-1,185000,9995.03,31,10004.97,31
-1,185100,9995.04,28,10004.96,28
-1,185200,9995.0,22,10005.0,22
-1,185300,9995.09,22,10004.91,22
-1,185400,9995.65,37,10005.0,29
-1,185500,9995.06,32,10004.94,32
-1,185600,9995.06,32,10004.29,41
-1,185700,9995.14,22,10005.0,21
-1,185800,9995.09,23,10004.68,25
-1,185900,9995.0,24,10005.0,24
-1,186000,9995.08,24,10004.92,24
-1,186100,9995.06,32,10004.24,42
-1,186200,9995.05,22,10004.41,27
-1,186300,9995.74,35,10004.93,27
-1,186400,9995.05,22,10004.65,23
-1,186500,9995.0,26,10005.0,26
-1,186600,9995.0,28,10005.0,28
-1,186700,9995.04,26,10004.46,28
-1,186800,9995.0,23,10005.0,23
-1,186900,9995.07,29,10004.93,29
-1,187000,9995.0,30,10005.0,30
-1,187100,9995.09,23,10004.09,32
-1,187200,9995.0,23,10004.44,25
-1,187300,9995.0,23,10004.16,32
-1,187400,9995.0,27,10004.19,37
-1,187500,9995.13,31,10004.97,30
-1,187600,9997.0,36,10004.92,26
-1,187700,9995.08,26,10004.92,26
-1,187800,9995.83,29,10005.0,21
-1,187900,9995.45,31,10004.93,27
-1,188000,9995.0,27,10005.0,27
-1,188100,9995.04,28,10004.96,28
-1,188200,9995.03,31,10001.0,10
-1,188300,9995.04,27,10004.96,27
-1,188400,9995.04,26,10004.96,26
-1,188500,9995.0,29,10005.0,29
-1,188600,9995.0,24,10005.0,24
-1,188700,9995.08,24,10004.92,24
-1,188800,9995.13,23,10005.0,22
-1,188900,9995.04,25,10003.8,30
-1,189000,9995.04,23,10004.96,23
-1,189100,9995.08,25,10004.92,25
-1,189200,9995.07,28,10004.93,28
-1,189300,9995.0,22,10005.0,22
-1,189400,9995.06,31,10004.94,31
-1,189500,9995.08,24,10004.92,24
-1,189600,9996.94,35,10005.0,23
-1,189700,9995.04,26,10004.7,27
-1,189800,9995.0,23,10004.71,24
-1,189900,9995.07,30,10004.67,33
-1,190000,9995.04,23,10004.67,24
-1,190100,9995.0,26,10004.6,30
-1,190200,9995.0,30,10004.77,31
-1,190300,9995.07,28,10004.93,28
-1,190400,9995.91,32,10004.91,23
-1,190500,9995.06,32,10004.94,32
-1,190600,9995.08,24,10004.92,24
-1,190700,9995.07,29,10004.93,29
-1,190800,9995.07,30,10004.59,34
-1,190900,9995.0,26,10004.23,35
-1,191000,9995.08,25,10004.92,25
-1,191100,9995.03,29,10004.97,29
-1,191200,9995.09,22,10004.91,22
-1,191300,9995.52,31,10004.96,26
-1,191400,9995.1,30,10005.0,29
-1,191500,9995.5,34,10004.93,29
-1,191600,9995.04,28,10004.96,28
-1,191700,9995.0,28,10005.0,28
-1,191800,9995.0,28,10004.71,31
-1,191900,9995.08,25,10004.92,25
-1,192000,9995.07,29,10004.93,29
-1,192100,9995.08,25,10004.92,25
-1,192200,9995.0,27,10005.0,27
-1,192300,9995.0,26,10005.0,26
-1,192400,9995.0,27,10005.0,27
-1,192500,9995.08,25,10004.92,25
-1,192600,9995.07,29,10004.93,29
-1,192700,9995.04,25,10004.55,29
-1,192800,9995.0,20,10005.0,20
-1,192900,9996.05,38,10005.0,26
-1,193000,9995.0,28,10004.52,31
-1,193100,9995.04,27,10004.96,27
-1,193200,9995.0,22,10004.28,29
-1,193300,9995.08,26,10004.71,28
-1,193400,9995.0,24,10005.0,24
-1,193500,9995.04,24,10004.96,24
-1,193600,9995.04,25,10004.96,25
-1,193700,9995.0,21,10005.0,21
-1,193800,9995.21,24,10004.91,23
-1,193900,9995.06,31,10004.94,31
-1,194000,9995.04,28,10004.96,28
-1,194100,9995.06,31,10004.27,40
-1,194200,9995.33,27,10004.92,26
-1,194300,9995.04,26,10004.96,26
-1,194400,9996.34,38,10004.94,31
-1,194500,9995.05,21,10004.95,21
-1,194600,9995.07,30,10004.93,30
-1,194700,9995.0,28,10005.0,28
-1,194800,9995.0,30,10005.0,30
-1,194900,9995.0,25,10005.0,25
-1,195000,9998.2,10,10004.96,27
-1,195100,9995.03,29,10004.97,29
-1,195200,9995.0,21,10002.9,30
-1,195300,9995.03,30,10004.97,30
-1,195400,9995.5,30,10005.0,25
-1,195500,9995.36,22,10004.95,21
-1,195600,9995.87,30,10004.91,22
-1,195700,9995.68,37,10004.97,29
-1,195800,9995.03,30,10004.7,33
-1,195900,9995.08,24,10004.92,24
-1,196000,9995.0,30,10005.0,30
-1,196100,9995.04,28,10004.96,28
-1,196200,9995.08,25,10004.15,34
-1,196300,9995.83,35,10004.92,26
-1,196400,9995.72,29,10003.93,28
-1,196500,9995.0,20,10005.0,20
-1,196600,9995.0,24,10005.0,24
-1,196700,9995.97,33,10004.91,23
-1,196800,9995.94,34,10004.93,28
-1,196900,9995.0,26,10005.0,26
-1,197000,9995.05,21,10004.64,22
-1,197100,9995.32,25,10004.96,24
-1,197200,9995.0,26,10005.0,26
-1,197300,9995.41,32,10004.96,28
-1,197400,9995.05,21,10004.64,22
-1,197500,9995.57,30,10004.92,25
-1,197600,9995.04,26,10004.85,27
-1,197700,9995.0,23,10004.09,33
-1,197800,9995.05,22,10004.95,22
-1,197900,9995.08,26,10004.92,26
-1,198000,9995.0,28,10005.0,28
-1,198100,9995.04,23,10004.43,28
-1,198200,9995.06,31,10004.76,33
-1,198300,9995.08,24,10004.26,31
-1,198400,9995.19,32,10005.0,30
-1,198500,9995.06,32,10004.61,36
-1,198600,9995.04,25,10004.96,25
-1,198700,9995.56,27,10005.0,22
-1,198800,9995.0,28,10005.0,28
-1,198900,9995.04,23,10004.72,25
-1,199000,9995.06,32,10004.94,32
-1,199100,9995.09,23,10004.91,23
-1,199200,9995.06,31,10004.94,31
-1,199300,9995.03,30,10004.97,30
-1,199400,9995.97,29,10005.0,25
-1,199500,9995.05,22,10004.38,24
-1,199600,9995.0,28,10005.0,28
-1,199700,9995.29,31,10004.93,30
-1,199800,9995.04,28,10004.96,28
-1,199900,9995.79,34,10005.0,25
