-1,0,4945.03,31,4952.0,30
-1,100,4945.0,31,4951.63,38
-1,200,4945.0,22,4951.95,22
-1,300,4945.0,25,4952.0,25
-1,400,4945.17,30,4952.0,25
-1,500,4945.0,24,4952.0,24
-1,600,4945.08,26,4951.49,35
-1,700,4945.21,34,4952.0,27
-1,800,4944.0,26,4951.0,26
-1,900,4943.07,29,4950.0,29
-1,1000,4944.0,28,4950.93,28
-1,1100,4944.0,25,4950.92,25
-1,1200,4944.23,39,4951.0,30
-1,1300,4944.0,28,4950.38,32
-1,1400,4945.0,25,4951.92,26
-1,1500,4944.35,23,4951.0,22
-1,1600,4945.0,23,4951.96,23
-1,1700,4945.0,27,4951.72,29
-1,1800,4945.07,27,4952.0,27
-1,1900,4945.0,31,4952.0,31
-1,2000,4945.0,26,4951.55,33
-1,2100,4945.0,23,4952.0,23
-1,2200,4945.0,32,4952.0,32
-1,2300,4945.08,24,4952.0,24
-1,2400,4947.5,32,4953.92,25
-1,2500,4946.05,21,4952.04,26
-1,2600,4946.0,25,4953.0,25
-1,2700,4946.29,34,4953.0,25
-1,2800,4946.31,35,4953.0,29
-1,2900,4946.0,25,4953.0,25
-1,3000,4946.0,31,4953.0,31
-1,3100,4947.0,27,4953.93,28
-1,3200,4946.06,32,4952.68,38
-1,3300,4946.0,28,4953.0,28
-1,3400,4946.0,29,4953.0,29
-1,3500,4946.0,30,4952.54,39
-1,3600,4947.0,21,4954.0,21
-1,3700,4947.0,31,4953.62,37
-1,3800,4947.0,30,4953.97,30
-1,3900,4947.04,26,4954.0,25
-1,4000,4947.0,29,4953.93,29
-1,4100,4946.0,24,4953.0,24
-1,4200,4946.0,28,4951.2,40
-1,4300,4946.0,31,4952.94,31
-1,4400,4946.0,26,4953.0,27
-1,4500,4946.0,27,4953.0,27
-1,4600,4946.0,22,4953.0,22
-1,4700,4946.0,27,4951.6,35
-1,4800,4946.19,26,4952.96,25
-1,4900,4946.0,22,4952.0,22
-1,5000,4946.15,26,4953.0,23
-1,5100,4946.26,34,4952.63,27
-1,5200,4946.08,24,4953.0,24
-1,5300,4947.0,25,4954.0,25
-1,5400,4947.0,27,4953.54,35
-1,5500,4947.0,30,4954.0,30
-1,5600,4946.26,35,4953.0,27
-1,5700,4947.32,31,4954.0,25
-1,5800,4947.46,35,4954.0,24
-1,5900,4947.0,21,4954.0,21
-1,6000,4947.0,24,4953.92,24
-1,6100,4947.0,25,4953.85,27
-1,6200,4947.0,30,4952.19,43
-1,6300,4947.0,25,4953.77,26
-1,6400,4947.0,23,4954.0,23
-1,6500,4947.0,20,4954.0,20
-1,6600,4948.0,27,4955.0,27
-1,6700,4948.0,28,4954.93,28
-1,6800,4947.04,25,4954.0,24
-1,6900,4947.64,33,4954.0,28
-1,7000,4947.19,36,4954.0,29
-1,7100,4947.0,30,4954.0,30
-1,7200,4947.0,23,4954.0,23
-1,7300,4947.0,25,4953.72,29
-1,7400,4947.0,30,4953.93,30
-1,7500,4947.0,29,4953.0,29
-1,7600,4946.0,26,4953.0,26
-1,7700,4945.21,29,4952.0,28
-1,7800,4946.21,24,4952.96,23
-1,7900,4945.04,26,4951.73,30
-1,8000,4945.0,23,4952.0,23
-1,8100,4945.0,22,4952.0,22
-1,8200,4945.36,22,4951.82,22
-1,8300,4945.18,33,4952.0,27
-1,8400,4945.0,26,4951.0,26
-1,8500,4944.43,35,4951.0,30
-1,8600,4944.0,23,4951.0,23
-1,8700,4945.0,30,4951.81,31
-1,8800,4945.0,23,4951.26,27
-1,8900,4945.0,27,4952.0,27
-1,9000,4945.0,23,4951.53,30
-1,9100,4946.0,31,4952.62,34
-1,9200,4945.0,24,4951.78,27
-1,9300,4945.0,23,4952.0,23
-1,9400,4946.0,24,4952.0,24
-1,9500,4945.26,38,4952.0,29
-1,9600,4945.0,20,4951.71,21
-1,9700,4945.11,28,4952.0,25
-1,9800,4945.0,21,4951.62,26
-1,9900,4945.0,22,4952.0,22
-1,10000,4945.21,39,4952.0,31
-1,10100,4945.0,22,4952.0,22
-1,10200,4946.0,25,4952.92,25
-1,10300,4945.09,22,4951.23,26
-1,10400,4946.0,30,4953.0,30
-1,10500,4945.12,32,4952.0,28
-1,10600,4945.0,23,4951.59,29
-1,10700,4945.04,24,4952.0,23
-1,10800,4946.12,26,4953.0,23
-1,10900,4946.03,30,4953.0,30
-1,11000,4946.0,30,4952.97,30
-1,11100,4946.0,31,4952.71,35
-1,11200,4946.0,29,4952.97,29
-1,11300,4945.18,28,4952.0,27
-1,11400,4945.11,27,4951.96,24
-1,11500,4944.07,30,4951.0,29
-1,11600,4944.0,26,4951.0,26
-1,11700,4944.0,22,4951.0,22
-1,11800,4944.0,21,4951.0,21
-1,11900,4944.0,25,4951.0,25
-1,12000,4943.0,25,4950.0,25
-1,12100,4943.0,22,4949.62,26
-1,12200,4943.26,38,4950.0,28
-1,12300,4943.0,24,4950.0,24
-1,12400,4943.0,30,4949.97,30
-1,12500,4943.0,31,4949.94,31
-1,12600,4943.14,36,4949.0,31
-1,12700,4943.0,31,4950.0,31
-1,12800,4943.0,31,4949.82,34
-1,12900,4944.0,24,4950.0,24
-1,13000,4943.0,27,4950.0,27
-1,13100,4944.0,30,4950.93,30
-1,13200,4943.0,28,4950.0,28
-1,13300,4944.17,29,4950.93,28
-1,13400,4944.0,26,4950.96,26
-1,13500,4944.35,34,4950.54,39
-1,13600,4944.0,25,4950.92,25
-1,13700,4944.43,35,4950.62,37
-1,13800,4943.0,25,4950.0,25
-1,13900,4942.0,20,4948.82,22
-1,14000,4942.25,28,4949.0,27
-1,14100,4942.0,24,4949.0,24
-1,14200,4942.0,24,4949.0,24
-1,14300,4943.0,30,4949.93,30
-1,14400,4942.28,32,4949.0,23
-1,14500,4943.0,22,4949.96,23
-1,14600,4942.0,21,4948.75,24
-1,14700,4942.23,31,4949.0,26
-1,14800,4942.05,22,4949.0,23
-1,14900,4942.07,30,4948.58,38
-1,15000,4942.0,23,4948.75,24
-1,15100,4942.26,27,4949.0,26
-1,15200,4943.39,31,4950.0,25
-1,15300,4942.19,27,4949.0,24
-1,15400,4942.0,26,4948.73,30
-1,15500,4942.42,26,4949.0,20
-1,15600,4943.0,24,4950.0,24
-1,15700,4944.0,22,4950.91,22
-1,15800,4944.26,35,4950.92,26
-1,15900,4944.27,37,4951.0,27
-1,16000,4945.0,27,4951.53,34
-1,16100,4944.12,33,4951.0,29
-1,16200,4944.0,21,4950.73,22
-1,16300,4944.0,31,4950.88,33
-1,16400,4944.08,24,4951.0,24
-1,16500,4944.07,27,4951.0,27
-1,16600,4945.0,25,4951.0,25
-1,16700,4944.0,24,4950.76,25
-1,16800,4944.0,32,4950.68,37
-1,16900,4944.0,24,4951.0,24
-1,17000,4944.0,23,4951.0,23
-1,17100,4944.17,36,4951.0,31
-1,17200,4945.19,32,4951.92,26
-1,17300,4945.0,28,4951.52,33
-1,17400,4946.0,25,4952.96,25
-1,17500,4947.57,35,4953.0,24
-1,17600,4945.0,27,4952.0,27
-1,17700,4945.0,24,4951.96,24
-1,17800,4944.0,23,4951.0,23
-1,17900,4944.24,38,4951.0,30
-1,18000,4944.26,35,4951.0,28
-1,18100,4945.0,21,4952.0,21
-1,18200,4945.2,25,4952.0,24
-1,18300,4944.0,29,4951.0,29
-1,18400,4945.0,30,4951.97,30
-1,18500,4945.09,35,4951.94,32
-1,18600,4945.0,31,4951.49,41
-1,18700,4945.0,27,4951.93,27
-1,18800,4945.0,24,4952.0,24
-1,18900,4945.0,28,4952.0,28
-1,19000,4945.0,24,4951.56,32
-1,19100,4945.0,29,4951.97,29
-1,19200,4945.0,29,4951.61,36
-1,19300,4945.0,32,4952.0,32
-1,19400,4946.0,21,4952.71,24
-1,19500,4946.0,22,4952.91,22
-1,19600,4946.0,31,4952.94,31
-1,19700,4946.0,25,4952.81,27
-1,19800,4946.0,20,4953.0,20
-1,19900,4946.0,28,4952.96,28
-1,20000,4946.0,29,4952.76,33
-1,20100,4946.24,41,4952.94,31
-1,20200,4946.0,29,4953.0,29
-1,20300,4945.09,23,4952.0,23
-1,20400,4946.0,24,4953.0,24
-1,20500,4946.0,30,4953.0,30
-1,20600,4947.0,23,4953.91,23
-1,20700,4947.0,31,4952.55,38
-1,20800,4947.31,26,4954.0,25
-1,20900,4947.0,24,4954.0,24
-1,21000,4948.0,27,4954.4,30
-1,21100,4948.03,31,4955.0,30
-1,21200,4947.0,23,4954.0,23
-1,21300,4947.0,29,4953.8,30
-1,21400,4948.0,30,4955.0,30
-1,21500,4947.79,28,4954.0,24
-1,21600,4948.19,31,4955.0,29
-1,21700,4947.03,31,4953.51,41
-1,21800,4948.15,34,4954.97,29
-1,21900,4947.07,30,4954.0,30
-1,22000,4947.0,24,4953.76,25
-1,22100,4947.04,24,4954.0,25
-1,22200,4948.0,28,4954.72,32
-1,22300,4948.0,30,4955.0,30
-1,22400,4948.0,26,4955.0,26
-1,22500,4948.0,27,4955.0,27
-1,22600,4948.0,27,4954.5,36
-1,22700,4948.0,28,4955.0,28
-1,22800,4948.0,30,4954.97,30
-1,22900,4948.0,26,4954.92,26
-1,23000,4948.1,29,4955.0,26
-1,23100,4948.0,24,4954.41,34
-1,23200,4948.0,26,4954.44,36
-1,23300,4947.0,22,4954.0,22
-1,23400,4948.22,27,4954.0,21
-1,23500,4947.27,30,4954.0,28
-1,23600,4948.5,24,4954.56,27
-1,23700,4947.0,24,4954.0,24
-1,23800,4947.09,23,4954.0,23
-1,23900,4947.29,21,4954.0,20
-1,24000,4947.0,23,4952.59,29
-1,24100,4946.0,26,4953.0,26
-1,24200,4945.39,33,4952.0,27
-1,24300,4944.09,23,4951.0,23
-1,24400,4944.0,25,4951.0,25
-1,24500,4945.64,25,4951.5,28
-1,24600,4945.0,27,4951.96,27
-1,24700,4945.0,22,4951.91,22
-1,24800,4945.0,28,4951.0,28
-1,24900,4944.14,35,4951.0,30
-1,25000,4944.0,27,4950.93,28
-1,25100,4944.41,29,4950.0,23
-1,25200,4944.0,25,4951.0,26
-1,25300,4944.0,26,4949.93,27
-1,25400,4944.06,34,4951.0,32
-1,25500,4945.11,28,4951.0,25
-1,25600,4945.16,32,4951.97,31
-1,25700,4945.0,23,4951.96,23
-1,25800,4944.04,28,4951.0,28
-1,25900,4944.0,28,4951.0,28
-1,26000,4945.0,24,4950.55,31
-1,26100,4945.0,25,4951.56,32
-1,26200,4945.0,26,4952.0,26
-1,26300,4945.0,24,4952.0,24
-1,26400,4945.0,28,4952.0,29
-1,26500,4945.0,24,4950.78,27
-1,26600,4945.04,23,4952.0,22
-1,26700,4945.0,24,4952.0,24
-1,26800,4945.0,24,4952.0,24
-1,26900,4945.0,27,4951.69,32
-1,27000,4945.0,31,4951.63,38
-1,27100,4945.0,24,4951.55,31
-1,27200,4945.47,36,4952.0,31
-1,27300,4946.0,27,4952.93,27
-1,27400,4946.0,25,4952.0,25
-1,27500,4945.0,26,4951.32,37
-1,27600,4945.0,23,4952.0,23
-1,27700,4946.0,26,4952.92,26
-1,27800,4947.0,28,4953.0,28
-1,27900,4946.04,26,4953.0,26
-1,28000,4946.0,24,4952.45,33
-1,28100,4945.0,22,4952.0,22
-1,28200,4946.0,30,4952.97,30
-1,28300,4946.0,24,4952.55,31
-1,28400,4947.0,21,4952.4,30
-1,28500,4947.16,32,4954.0,31
-1,28600,4948.16,37,4954.94,31
-1,28700,4948.0,25,4955.0,25
-1,28800,4948.09,22,4955.0,22
-1,28900,4949.0,22,4956.0,22
-1,29000,4949.0,24,4956.0,24
-1,29100,4950.23,40,4956.0,31
-1,29200,4950.0,20,4956.67,24
-1,29300,4950.0,24,4956.0,25
-1,29400,4949.75,28,4956.0,24
-1,29500,4949.0,24,4956.0,24
-1,29600,4949.0,20,4956.0,20
-1,29700,4949.04,27,4956.0,27
-1,29800,4949.19,37,4956.0,30
-1,29900,4949.26,35,4956.0,27
-1,30000,4950.0,21,4956.52,27
-1,30100,4949.0,22,4956.0,22
-1,30200,4949.0,24,4955.69,26
-1,30300,4948.07,30,4954.62,37
-1,30400,4948.0,23,4955.0,23
-1,30500,4948.0,29,4954.97,29
-1,30600,4948.0,30,4955.0,30
-1,30700,4948.58,26,4955.0,23
-1,30800,4948.0,29,4955.0,29
-1,30900,4949.08,25,4955.0,23
-1,31000,4950.0,20,4956.0,20
-1,31100,4950.0,22,4956.95,22
-1,31200,4949.04,28,4956.0,29
-1,31300,4950.0,30,4957.0,30
-1,31400,4950.06,32,4957.0,32
-1,31500,4951.0,22,4958.0,23
-1,31600,4951.06,34,4958.0,32
-1,31700,4951.0,29,4957.87,31
-1,31800,4950.0,21,4957.0,21
-1,31900,4951.24,38,4957.93,29
-1,32000,4951.0,30,4957.97,30
-1,32100,4951.0,31,4957.97,31
-1,32200,4951.0,26,4957.59,32
-1,32300,4950.0,26,4956.58,33
-1,32400,4950.0,29,4956.74,31
-1,32500,4950.19,26,4957.0,25
-1,32600,4950.0,30,4957.0,30
-1,32700,4950.0,27,4956.96,27
-1,32800,4949.0,23,4956.0,23
-1,32900,4950.0,24,4955.92,25
-1,33000,4949.0,28,4956.0,28
-1,33100,4948.0,24,4955.0,24
-1,33200,4948.0,25,4954.47,34
-1,33300,4949.0,26,4955.52,33
-1,33400,4949.0,27,4956.0,27
-1,33500,4949.29,35,4956.0,25
-1,33600,4949.0,27,4955.79,28
-1,33700,4949.04,24,4955.96,23
-1,33800,4948.0,26,4955.0,26
-1,33900,4948.0,24,4955.0,24
-1,34000,4948.19,26,4955.0,25
-1,34100,4948.0,26,4953.76,34
-1,34200,4949.0,27,4956.0,27
-1,34300,4949.0,21,4955.0,22
-1,34400,4948.04,24,4955.0,25
-1,34500,4948.0,25,4954.85,27
-1,34600,4948.0,22,4955.0,22
-1,34700,4948.0,29,4955.0,29
-1,34800,4948.0,24,4954.2,30
-1,34900,4949.0,23,4955.92,24
-1,35000,4948.09,22,4954.38,32
-1,35100,4949.0,26,4956.0,26
-1,35200,4949.0,24,4955.76,25
-1,35300,4950.27,33,4957.0,24
-1,35400,4950.0,22,4957.0,22
-1,35500,4950.0,25,4956.77,26
-1,35600,4949.28,36,4956.0,27
-1,35700,4950.0,27,4956.93,28
-1,35800,4950.0,30,4956.93,30
-1,35900,4949.03,30,4955.3,37
-1,36000,4950.0,28,4957.0,28
-1,36100,4950.0,26,4957.0,26
-1,36200,4950.0,30,4956.82,33
-1,36300,4951.0,21,4958.0,22
-1,36400,4950.0,28,4956.7,33
-1,36500,4950.04,27,4956.46,37
-1,36600,4950.05,22,4957.0,21
-1,36700,4950.34,41,4956.0,30
-1,36800,4950.0,27,4956.72,29
-1,36900,4950.0,31,4956.82,34
-1,37000,4950.34,29,4957.0,23
-1,37100,4950.2,25,4957.0,24
-1,37200,4950.12,25,4957.0,22
-1,37300,4950.0,27,4956.59,34
-1,37400,4949.04,23,4956.0,23
-1,37500,4950.22,32,4957.0,29
-1,37600,4950.0,26,4957.0,26
-1,37700,4950.17,30,4957.0,29
-1,37800,4950.0,29,4957.0,29
-1,37900,4950.0,29,4956.68,31
-1,38000,4950.0,25,4955.67,30
-1,38100,4949.0,28,4955.79,29
-1,38200,4949.18,28,4956.0,23
-1,38300,4948.04,27,4955.0,27
-1,38400,4948.0,21,4954.73,22
-1,38500,4949.19,26,4955.92,25
-1,38600,4948.0,27,4955.0,27
-1,38700,4949.0,30,4955.97,30
-1,38800,4949.0,27,4956.0,27
-1,38900,4950.0,26,4956.7,30
-1,39000,4950.0,29,4957.0,29
-1,39100,4949.0,30,4955.5,40
-1,39200,4949.24,25,4956.0,24
-1,39300,4949.1,30,4956.0,27
-1,39400,4949.07,29,4956.0,29
-1,39500,4950.0,22,4957.0,22
-1,39600,4949.0,22,4956.0,22
-1,39700,4949.0,20,4956.0,20
-1,39800,4949.0,31,4955.82,34
-1,39900,4949.03,33,4956.0,32
-1,40000,4949.64,45,4955.97,31
-1,40100,4949.0,27,4956.0,27
-1,40200,4949.0,23,4955.53,30
-1,40300,4949.0,25,4955.96,25
-1,40400,4948.0,21,4954.32,31
-1,40500,4948.0,24,4954.69,26
-1,40600,4947.08,26,4954.0,26
-1,40700,4948.0,26,4955.0,26
-1,40800,4948.0,29,4955.0,29
-1,40900,4948.0,22,4955.0,22
-1,41000,4948.19,27,4954.38,26
-1,41100,4947.0,23,4954.0,23
-1,41200,4947.0,26,4954.0,26
-1,41300,4946.0,21,4952.83,23
-1,41400,4947.0,22,4953.41,27
-1,41500,4947.17,36,4954.0,30
-1,41600,4947.04,28,4954.0,28
-1,41700,4947.0,20,4954.0,20
-1,41800,4947.0,30,4953.82,33
-1,41900,4948.12,34,4955.0,30
-1,42000,4948.0,30,4955.0,30
-1,42100,4948.0,24,4955.0,24
-1,42200,4948.0,26,4954.73,30
-1,42300,4948.2,25,4955.0,24
-1,42400,4948.0,25,4954.96,25
-1,42500,4948.0,23,4954.92,24
-1,42600,4947.0,25,4953.43,35
-1,42700,4947.0,21,4954.0,22
-1,42800,4947.0,23,4954.0,23
-1,42900,4946.0,22,4953.0,22
-1,43000,4946.0,25,4953.0,25
-1,43100,4946.0,25,4952.71,28
-1,43200,4946.0,28,4953.0,28
-1,43300,4946.0,20,4953.0,20
-1,43400,4946.0,28,4952.51,37
-1,43500,4946.0,24,4952.38,34
-1,43600,4945.0,21,4951.91,22
-1,43700,4945.07,28,4952.0,28
-1,43800,4945.0,25,4952.0,25
-1,43900,4945.0,28,4952.0,28
-1,44000,4945.0,26,4950.44,32
-1,44100,4944.03,29,4951.0,30
-1,44200,4944.23,26,4951.0,22
-1,44300,4945.0,25,4952.0,25
-1,44400,4945.0,30,4952.0,30
-1,44500,4945.0,27,4952.0,27
-1,44600,4945.0,23,4952.0,23
-1,44700,4944.04,24,4950.45,33
-1,44800,4944.08,24,4950.41,34
-1,44900,4945.0,26,4951.62,32
-1,45000,4945.0,27,4951.96,27
-1,45100,4945.0,27,4951.93,27
-1,45200,4945.0,27,4952.0,27
-1,45300,4945.0,29,4951.8,30
-1,45400,4946.0,28,4952.96,28
-1,45500,4945.04,24,4952.0,24
-1,45600,4945.27,26,4952.0,25
-1,45700,4945.0,30,4952.0,30
-1,45800,4945.08,26,4952.0,26
-1,45900,4945.05,22,4951.91,23
-1,46000,4946.0,27,4952.93,27
-1,46100,4945.0,27,4951.79,28
-1,46200,4945.0,28,4951.6,30
-1,46300,4944.29,24,4951.0,23
-1,46400,4944.0,26,4951.0,26
-1,46500,4944.0,25,4950.48,31
-1,46600,4944.44,27,4950.84,25
-1,46700,4944.0,23,4951.0,23
-1,46800,4944.21,28,4951.0,23
-1,46900,4944.21,29,4951.0,28
-1,47000,4944.0,20,4950.43,28
-1,47100,4944.14,28,4951.0,24
-1,47200,4944.2,30,4951.0,29
-1,47300,4944.0,24,4951.0,24
-1,47400,4945.0,26,4951.61,31
-1,47500,4944.0,28,4950.0,28
-1,47600,4943.0,21,4950.0,21
-1,47700,4943.0,24,4949.96,24
-1,47800,4943.0,22,4949.47,30
-1,47900,4943.05,22,4949.0,21
-1,48000,4942.16,32,4949.0,29
-1,48100,4942.0,29,4949.0,29
-1,48200,4942.0,26,4949.0,26
-1,48300,4942.2,30,4949.0,29
-1,48400,4942.22,23,4949.0,22
-1,48500,4942.0,25,4949.0,25
-1,48600,4942.0,22,4948.62,26
-1,48700,4941.0,21,4948.0,21
-1,48800,4942.24,41,4949.0,31
-1,48900,4941.11,27,4948.0,25
-1,49000,4941.0,29,4948.0,29
-1,49100,4941.1,29,4948.0,26
-1,49200,4940.0,25,4946.92,25
-1,49300,4940.17,30,4946.0,29
-1,49400,4940.36,28,4947.0,22
-1,49500,4940.0,23,4947.0,23
-1,49600,4940.0,22,4947.0,22
-1,49700,4941.0,24,4947.39,33
-1,49800,4941.0,22,4948.0,22
-1,49900,4941.0,22,4947.83,23
-1,50000,4940.1,31,4947.0,30
-1,50100,4941.0,32,4947.94,32
-1,50200,4941.04,26,4948.0,25
-1,50300,4941.04,26,4947.62,32
-1,50400,4941.03,30,4948.0,30
-1,50500,4941.03,29,4948.0,29
-1,50600,4942.2,25,4948.96,24
-1,50700,4941.0,25,4947.62,29
-1,50800,4941.0,24,4947.6,30
-1,50900,4941.0,27,4948.0,27
-1,51000,4941.08,24,4948.0,24
-1,51100,4941.0,27,4948.0,27
-1,51200,4940.06,32,4947.0,32
-1,51300,4941.0,25,4947.0,25
-1,51400,4941.0,23,4948.0,23
-1,51500,4941.0,22,4948.0,22
-1,51600,4941.0,31,4947.94,31
-1,51700,4941.0,32,4947.68,37
-1,51800,4941.08,26,4948.0,26
-1,51900,4941.0,27,4947.64,33
-1,52000,4941.0,24,4947.96,24
-1,52100,4940.0,30,4947.0,30
-1,52200,4941.0,28,4947.81,31
-1,52300,4940.0,21,4946.83,23
-1,52400,4940.08,24,4947.0,24
-1,52500,4940.03,31,4947.0,31
-1,52600,4941.0,24,4947.96,24
-1,52700,4941.0,29,4948.0,29
-1,52800,4941.0,24,4948.0,24
-1,52900,4941.0,31,4947.97,31
-1,53000,4941.0,28,4948.0,28
-1,53100,4943.0,31,4949.97,31
-1,53200,4943.0,31,4950.0,31
-1,53300,4943.0,24,4950.0,24
-1,53400,4942.0,23,4948.75,24
-1,53500,4943.0,26,4949.5,34
-1,53600,4942.04,24,4949.0,23
-1,53700,4943.0,27,4949.41,37
-1,53800,4943.08,25,4949.61,31
-1,53900,4944.64,33,4951.0,28
-1,54000,4944.05,22,4951.0,22
-1,54100,4944.0,23,4951.0,23
-1,54200,4943.0,21,4950.0,21
-1,54300,4944.04,26,4951.0,25
-1,54400,4944.0,23,4951.0,24
-1,54500,4944.0,29,4950.38,39
-1,54600,4944.12,32,4950.93,28
-1,54700,4943.12,24,4950.0,21
-1,54800,4943.0,24,4950.0,24
-1,54900,4942.03,29,4949.0,29
-1,55000,4943.0,27,4949.0,27
-1,55100,4943.0,31,4950.0,31
-1,55200,4943.0,25,4950.0,25
-1,55300,4943.04,25,4949.56,32
-1,55400,4943.04,23,4950.0,23
-1,55500,4943.29,28,4949.0,26
-1,55600,4942.2,35,4949.0,28
-1,55700,4943.0,21,4949.5,28
-1,55800,4943.0,23,4950.0,23
-1,55900,4943.0,24,4950.0,24
-1,56000,4943.0,22,4950.0,22
-1,56100,4943.0,30,4950.0,30
-1,56200,4943.0,28,4950.0,28
-1,56300,4943.0,23,4949.48,31
-1,56400,4943.21,29,4950.0,23
-1,56500,4943.0,25,4950.0,25
-1,56600,4943.0,27,4949.0,27
-1,56700,4943.0,24,4950.0,25
-1,56800,4943.0,23,4950.0,24
-1,56900,4943.2,25,4950.0,20
-1,57000,4943.0,25,4949.0,25
-1,57100,4943.0,27,4949.93,27
-1,57200,4943.0,26,4949.71,28
-1,57300,4943.0,25,4950.0,25
-1,57400,4943.04,27,4949.87,30
-1,57500,4944.0,31,4950.94,32
-1,57600,4944.0,29,4951.0,29
-1,57700,4944.07,30,4950.88,32
-1,57800,4944.07,28,4951.0,28
-1,57900,4944.0,32,4950.94,32
-1,58000,4944.21,29,4951.0,23
-1,58100,4943.0,23,4950.0,24
-1,58200,4944.0,26,4950.92,26
-1,58300,4944.0,23,4951.0,23
-1,58400,4944.0,21,4951.0,21
-1,58500,4945.0,30,4951.0,30
-1,58600,4944.13,31,4951.0,29
-1,58700,4944.04,25,4951.0,25
-1,58800,4944.17,29,4951.0,24
-1,58900,4944.0,22,4951.0,22
-1,59000,4944.26,35,4951.0,26
-1,59100,4944.0,30,4949.29,42
-1,59200,4944.16,32,4951.0,31
-1,59300,4944.0,30,4950.93,30
-1,59400,4944.0,28,4950.81,31
-1,59500,4944.03,30,4950.0,29
-1,59600,4944.0,25,4951.0,25
-1,59700,4944.28,36,4951.0,28
-1,59800,4944.0,20,4951.0,20
-1,59900,4945.04,25,4951.92,24
-1,60000,4945.11,35,4952.0,31
-1,60100,4945.0,25,4952.0,25
-1,60200,4945.05,22,4952.0,22
-1,60300,4945.0,24,4952.0,24
-1,60400,4945.04,25,4952.0,25
-1,60500,4945.09,22,4952.0,22
-1,60600,4945.0,27,4951.8,30
-1,60700,4946.0,31,4952.54,39
-1,60800,4945.0,25,4952.0,25
-1,60900,4944.08,25,4951.0,25
-1,61000,4944.0,31,4951.0,31
-1,61100,4944.0,32,4950.35,37
-1,61200,4944.0,30,4951.0,30
-1,61300,4944.0,31,4950.0,31
-1,61400,4944.0,28,4951.0,28
-1,61500,4945.0,29,4952.0,29
-1,61600,4945.0,26,4952.0,26
-1,61700,4945.21,24,4951.96,23
-1,61800,4944.0,29,4951.0,29
-1,61900,4944.08,25,4951.0,25
-1,62000,4944.0,23,4950.96,23
-1,62100,4944.0,25,4950.96,25
-1,62200,4943.24,34,4950.0,26
-1,62300,4944.0,22,4951.0,22
-1,62400,4944.0,26,4951.0,26
-1,62500,4944.0,29,4950.93,29
-1,62600,4943.0,31,4950.0,31
-1,62700,4944.0,25,4950.72,29
-1,62800,4943.0,28,4950.0,28
-1,62900,4943.0,22,4950.0,22
-1,63000,4943.0,27,4950.0,27
-1,63100,4943.0,20,4949.9,21
-1,63200,4943.0,24,4950.0,24
-1,63300,4943.0,28,4950.0,28
-1,63400,4943.0,31,4949.55,40
-1,63500,4943.0,32,4949.83,35
-1,63600,4943.0,31,4949.68,37
-1,63700,4943.25,32,4949.92,24
-1,63800,4942.04,27,4949.0,28
-1,63900,4942.0,24,4948.79,28
-1,64000,4942.0,31,4948.97,31
-1,64100,4941.0,29,4948.0,29
-1,64200,4941.0,24,4947.92,25
-1,64300,4941.0,29,4948.0,29
-1,64400,4940.0,25,4947.0,26
-1,64500,4941.03,32,4947.97,31
-1,64600,4941.0,23,4948.0,24
-1,64700,4941.0,30,4947.87,31
-1,64800,4940.07,28,4946.75,32
-1,64900,4940.0,30,4946.81,31
-1,65000,4941.0,22,4947.76,25
-1,65100,4941.23,40,4947.0,31
-1,65200,4940.0,25,4947.0,25
-1,65300,4940.23,35,4946.94,31
-1,65400,4940.0,25,4947.0,25
-1,65500,4940.07,27,4946.64,33
-1,65600,4940.22,36,4947.0,28
-1,65700,4940.0,21,4947.0,21
-1,65800,4940.0,29,4947.0,29
-1,65900,4940.0,27,4946.96,27
-1,66000,4940.05,21,4947.0,21
-1,66100,4940.0,22,4947.0,22
-1,66200,4940.0,28,4947.0,28
-1,66300,4940.0,25,4947.0,25
-1,66400,4940.0,29,4946.66,35
-1,66500,4940.0,24,4946.76,25
-1,66600,4939.12,26,4945.52,33
-1,66700,4939.51,37,4946.0,30
-1,66800,4939.0,24,4945.92,24
-1,66900,4938.0,29,4945.0,29
-1,67000,4938.0,32,4944.14,37
-1,67100,4938.0,21,4944.65,26
-1,67200,4937.0,30,4943.0,30
-1,67300,4937.0,26,4943.79,29
-1,67400,4936.03,30,4943.0,30
-1,67500,4937.0,29,4944.0,29
-1,67600,4937.0,31,4944.0,31
-1,67700,4937.09,23,4944.0,21
-1,67800,4938.0,23,4944.91,23
-1,67900,4938.0,22,4943.69,26
-1,68000,4938.0,30,4945.0,30
-1,68100,4937.0,26,4944.0,26
-1,68200,4938.0,26,4944.29,31
-1,68300,4937.0,27,4944.0,27
-1,68400,4937.18,34,4944.0,28
-1,68500,4938.08,26,4944.96,24
-1,68600,4938.0,31,4944.51,41
-1,68700,4938.19,36,4944.93,29
-1,68800,4938.0,23,4945.0,23
-1,68900,4938.67,27,4944.0,21
-1,69000,4938.12,24,4944.95,21
-1,69100,4938.0,21,4945.0,21
-1,69200,4938.0,27,4944.64,33
-1,69300,4938.08,24,4945.0,24
-1,69400,4938.04,28,4945.0,28
-1,69500,4938.1,30,4945.0,27
-1,69600,4938.0,25,4944.69,29
-1,69700,4937.07,29,4944.0,29
-1,69800,4937.04,27,4944.0,28
-1,69900,4937.0,26,4944.0,26
-1,70000,4937.26,39,4944.0,29
-1,70100,4937.0,27,4943.64,33
-1,70200,4936.04,26,4943.0,26
-1,70300,4936.0,25,4942.0,25
-1,70400,4935.06,31,4941.55,40
-1,70500,4936.0,24,4943.0,24
-1,70600,4935.27,30,4942.0,29
-1,70700,4935.0,24,4941.85,26
-1,70800,4935.0,31,4942.0,32
-1,70900,4934.0,29,4941.0,29
-1,71000,4934.25,32,4941.0,31
-1,71100,4934.0,22,4939.55,29
-1,71200,4934.08,26,4941.0,26
-1,71300,4935.0,20,4942.0,20
-1,71400,4934.0,30,4941.0,30
-1,71500,4936.0,31,4942.97,31
-1,71600,4936.0,22,4943.0,22
-1,71700,4936.0,28,4943.0,28
-1,71800,4936.09,22,4943.0,22
-1,71900,4936.09,22,4942.26,27
-1,72000,4937.0,29,4943.57,37
-1,72100,4937.0,28,4942.5,32
-1,72200,4936.0,21,4943.0,21
-1,72300,4936.0,30,4942.0,30
-1,72400,4935.0,24,4942.0,24
-1,72500,4936.0,30,4942.0,30
-1,72600,4935.5,28,4942.0,24
-1,72700,4936.0,29,4943.0,29
-1,72800,4936.0,30,4943.0,30
-1,72900,4936.04,24,4943.0,24
-1,73000,4937.0,26,4943.92,26
-1,73100,4937.0,26,4943.61,31
-1,73200,4937.03,31,4944.0,31
-1,73300,4937.31,26,4944.0,24
-1,73400,4938.0,30,4944.64,36
-1,73500,4938.0,21,4945.0,21
-1,73600,4937.0,21,4944.0,21
-1,73700,4937.29,21,4944.0,20
-1,73800,4937.18,33,4944.0,27
-1,73900,4938.11,27,4944.92,24
-1,74000,4938.0,21,4944.5,24
-1,74100,4938.07,28,4944.92,26
-1,74200,4938.0,29,4945.0,29
-1,74300,4938.0,13,4944.0,24
-1,74400,4938.0,21,4944.73,22
-1,74500,4938.11,28,4945.0,27
-1,74600,4938.0,28,4944.0,29
-1,74700,4937.09,22,4944.0,22
-1,74800,4937.08,24,4944.0,24
-1,74900,4937.0,22,4943.72,25
-1,75000,4936.08,25,4943.0,25
-1,75100,4936.25,28,4943.0,23
-1,75200,4938.24,42,4943.0,29
-1,75300,4936.0,27,4942.79,28
-1,75400,4937.61,33,4943.93,28
-1,75500,4936.04,24,4943.0,24
-1,75600,4937.0,30,4942.54,39
-1,75700,4937.0,20,4942.9,21
-1,75800,4936.0,31,4942.94,31
-1,75900,4936.0,21,4942.82,22
-1,76000,4936.0,21,4942.4,30
-1,76100,4936.0,26,4943.0,26
-1,76200,4936.0,20,4943.0,20
-1,76300,4936.0,21,4943.0,22
-1,76400,4935.0,28,4942.0,28
-1,76500,4935.0,21,4941.95,21
-1,76600,4934.19,31,4941.0,30
-1,76700,4935.04,27,4941.96,26
-1,76800,4935.0,26,4942.0,27
-1,76900,4935.0,23,4942.0,23
-1,77000,4935.0,32,4941.94,32
-1,77100,4935.0,29,4942.0,30
-1,77200,4934.03,30,4941.0,30
-1,77300,4935.0,24,4941.96,24
-1,77400,4934.05,22,4941.0,22
-1,77500,4935.0,28,4941.93,28
-1,77600,4935.0,31,4941.97,31
-1,77700,4934.15,33,4941.0,28
-1,77800,4934.0,29,4941.0,29
-1,77900,4935.0,26,4942.0,26
-1,78000,4935.03,29,4942.0,28
-1,78100,4935.11,35,4942.0,31
-1,78200,4935.22,36,4942.0,28
-1,78300,4935.1,31,4942.0,28
-1,78400,4935.0,28,4942.0,28
-1,78500,4934.0,21,4941.0,21
-1,78600,4935.0,32,4941.94,32
-1,78700,4934.0,21,4941.0,21
-1,78800,4936.8,5,4941.0,29
-1,78900,4935.0,30,4941.97,30
-1,79000,4935.0,24,4941.96,24
-1,79100,4934.0,24,4940.76,25
-1,79200,4934.0,26,4940.38,29
-1,79300,4934.0,23,4941.0,23
-1,79400,4934.0,22,4941.0,22
-1,79500,4934.0,28,4940.93,28
-1,79600,4934.0,24,4941.0,24
-1,79700,4934.03,32,4940.65,34
-1,79800,4934.19,27,4941.0,26
-1,79900,4934.19,27,4941.0,22
-1,80000,4934.0,25,4940.0,25
-1,80100,4934.0,23,4940.64,28
-1,80200,4935.0,22,4941.0,22
-1,80300,4934.12,26,4941.0,23
-1,80400,4933.3,23,4940.0,22
-1,80500,4933.07,27,4940.0,27
-1,80600,4933.0,21,4940.0,21
-1,80700,4933.03,31,4940.0,31
-1,80800,4933.24,38,4940.0,30
-1,80900,4934.19,32,4941.0,26
-1,81000,4934.0,22,4941.0,22
-1,81100,4934.08,26,4941.0,26
-1,81200,4934.09,23,4941.0,23
-1,81300,4935.0,29,4942.0,29
-1,81400,4935.0,31,4942.0,31
-1,81500,4935.0,29,4942.0,30
-1,81600,4935.0,25,4942.0,25
-1,81700,4935.1,29,4942.0,26
-1,81800,4936.17,29,4943.0,28
-1,81900,4935.0,24,4942.0,24
-1,82000,4935.0,23,4942.0,24
-1,82100,4935.04,25,4941.92,24
-1,82200,4935.14,28,4942.0,24
-1,82300,4936.06,32,4943.0,30
-1,82400,4936.24,33,4943.0,25
-1,82500,4936.19,27,4943.0,26
-1,82600,4935.0,26,4942.0,26
-1,82700,4935.0,28,4941.79,29
-1,82800,4935.35,26,4942.0,23
-1,82900,4934.0,22,4940.83,24
-1,83000,4934.28,32,4941.0,23
-1,83100,4934.0,28,4941.0,28
-1,83200,4933.19,37,4940.0,30
-1,83300,4934.0,30,4940.88,32
-1,83400,4934.0,27,4941.0,27
-1,83500,4934.0,24,4940.55,31
-1,83600,4934.0,27,4941.0,27
-1,83700,4934.0,29,4941.0,29
-1,83800,4934.0,24,4941.0,24
-1,83900,4934.0,25,4940.92,26
-1,84000,4934.0,22,4941.0,22
-1,84100,4934.2,25,4940.96,24
-1,84200,4934.0,30,4940.17,41
-1,84300,4934.0,26,4940.92,26
-1,84400,4934.0,24,4940.57,30
-1,84500,4934.0,28,4940.56,36
-1,84600,4934.0,21,4941.0,21
-1,84700,4935.09,35,4941.94,32
-1,84800,4935.21,24,4941.96,23
-1,84900,4934.0,29,4940.97,29
-1,85000,4934.0,29,4941.0,29
-1,85100,4934.0,22,4940.47,30
-1,85200,4933.0,27,4939.5,36
-1,85300,4933.0,22,4939.69,26
-1,85400,4933.2,30,4940.0,29
-1,85500,4933.18,39,4940.0,32
-1,85600,4934.0,27,4940.53,34
-1,85700,4933.0,22,4939.4,25
-1,85800,4933.0,22,4940.0,22
-1,85900,4932.05,21,4939.0,21
-1,86000,4932.0,21,4939.0,21
-1,86100,4932.0,22,4939.0,22
-1,86200,4932.64,28,4939.0,22
-1,86300,4933.15,27,4939.91,23
-1,86400,4933.0,23,4940.0,23
-1,86500,4932.21,38,4939.0,30
-1,86600,4932.0,27,4939.0,27
-1,86700,4932.0,26,4939.0,26
-1,86800,4931.05,21,4938.0,21
-1,86900,4931.38,40,4938.0,32
-1,87000,4932.0,28,4938.47,38
-1,87100,4932.84,38,4939.0,32
-1,87200,4932.0,27,4939.0,27
-1,87300,4932.19,32,4939.0,31
-1,87400,4932.12,34,4939.0,30
-1,87500,4932.22,23,4939.0,22
-1,87600,4932.04,26,4939.0,26
-1,87700,4932.0,23,4938.54,26
-1,87800,4932.0,27,4938.93,27
-1,87900,4932.22,23,4939.0,22
-1,88000,4931.32,38,4938.0,28
-1,88100,4932.0,31,4938.97,31
-1,88200,4932.0,24,4939.0,24
-1,88300,4932.07,29,4939.0,29
-1,88400,4933.0,22,4938.42,31
-1,88500,4932.0,24,4939.0,24
-1,88600,4933.33,30,4939.0,22
-1,88700,4932.0,28,4939.0,28
-1,88800,4932.0,30,4939.0,30
-1,88900,4933.0,31,4939.94,31
-1,89000,4933.0,28,4940.0,28
-1,89100,4933.2,25,4940.0,24
-1,89200,4933.19,26,4940.0,25
-1,89300,4933.0,28,4940.0,28
-1,89400,4933.0,23,4940.0,23
-1,89500,4933.17,29,4940.0,28
-1,89600,4933.14,29,4940.0,26
-1,89700,4933.0,21,4939.62,26
-1,89800,4934.16,37,4940.97,31
-1,89900,4934.19,27,4940.91,22
-1,90000,4934.0,29,4941.0,29
-1,90100,4934.0,22,4940.0,22
-1,90200,4933.14,28,4940.0,24
-1,90300,4933.12,32,4940.0,28
-1,90400,4933.0,26,4938.48,29
-1,90500,4933.0,27,4939.93,27
-1,90600,4933.0,24,4940.0,24
-1,90700,4933.0,23,4939.59,29
-1,90800,4934.0,27,4940.0,27
-1,90900,4933.0,23,4939.48,31
-1,91000,4933.0,29,4940.0,29
-1,91100,4933.03,29,4940.0,29
-1,91200,4932.32,25,4939.0,24
-1,91300,4932.21,38,4939.0,30
-1,91400,4932.0,27,4938.79,28
-1,91500,4932.0,30,4939.0,30
-1,91600,4933.0,21,4940.0,22
-1,91700,4932.03,31,4939.0,31
-1,91800,4933.0,30,4939.62,32
-1,91900,4932.32,28,4939.0,24
-1,92000,4933.1,29,4939.0,26
-1,92100,4932.09,23,4939.0,23
-1,92200,4933.0,26,4940.0,26
-1,92300,4933.0,27,4940.0,27
-1,92400,4932.3,23,4939.0,22
-1,92500,4933.0,22,4939.42,31
-1,92600,4932.0,26,4939.0,26
-1,92700,4932.0,21,4939.0,21
-1,92800,4932.0,20,4939.0,20
-1,92900,4932.0,25,4938.92,26
-1,93000,4932.08,25,4938.79,28
-1,93100,4932.0,28,4938.0,28
-1,93200,4932.0,30,4939.0,30
-1,93300,4932.0,30,4938.51,39
-1,93400,4932.0,30,4939.0,30
-1,93500,4932.0,20,4938.54,26
-1,93600,4933.0,21,4939.95,21
-1,93700,4933.19,26,4939.92,25
-1,93800,4933.0,26,4939.0,26
-1,93900,4933.0,28,4939.96,28
-1,94000,4933.23,22,4940.0,21
-1,94100,4933.0,27,4940.0,27
-1,94200,4932.33,33,4939.0,23
-1,94300,4932.0,26,4938.49,35
-1,94400,4932.12,33,4938.93,29
-1,94500,4932.0,25,4938.0,20
-1,94600,4931.0,25,4938.0,25
-1,94700,4931.0,20,4938.0,20
-1,94800,4931.0,24,4937.0,24
-1,94900,4930.0,30,4937.0,30
-1,95000,4931.14,29,4938.0,28
-1,95100,4930.05,21,4936.77,22
-1,95200,4930.32,31,4937.0,22
-1,95300,4930.0,23,4937.0,23
-1,95400,4930.03,31,4937.0,31
-1,95500,4930.1,30,4937.0,28
-1,95600,4931.0,23,4936.45,31
-1,95700,4930.0,26,4937.0,26
-1,95800,4930.0,28,4937.0,28
-1,95900,4930.0,25,4937.0,25
-1,96000,4930.0,30,4937.0,30
-1,96100,4931.0,22,4936.93,30
-1,96200,4931.0,22,4938.0,22
-1,96300,4931.26,23,4938.0,22
-1,96400,4931.0,32,4938.0,32
-1,96500,4932.03,31,4939.0,30
-1,96600,4932.17,24,4939.0,20
-1,96700,4932.0,24,4938.96,24
-1,96800,4931.0,26,4938.0,26
-1,96900,4931.21,29,4938.0,28
-1,97000,4931.19,27,4938.0,22
-1,97100,4932.0,32,4938.94,32
-1,97200,4932.0,22,4938.4,30
-1,97300,4932.03,29,4938.0,28
-1,97400,4932.0,23,4938.91,23
-1,97500,4932.0,24,4939.0,24
-1,97600,4932.0,26,4938.0,26
-1,97700,4931.04,27,4938.0,27
-1,97800,4932.0,24,4939.0,24
-1,97900,4932.0,31,4938.0,28
-1,98000,4931.05,22,4938.0,22
-1,98100,4932.06,32,4938.93,30
-1,98200,4932.0,21,4938.95,21
-1,98300,4932.0,28,4938.96,28
-1,98400,4932.21,29,4939.0,23
-1,98500,4932.0,27,4938.66,29
-1,98600,4932.06,31,4939.0,31
-1,98700,4932.0,27,4938.93,27
-1,98800,4932.48,25,4939.0,21
-1,98900,4932.0,25,4938.96,25
-1,99000,4931.0,24,4938.0,24
-1,99100,4931.15,33,4938.0,28
-1,99200,4931.0,24,4938.0,24
-1,99300,4932.0,27,4938.54,35
-1,99400,4932.18,28,4939.0,27
-1,99500,4932.0,23,4938.96,23
-1,99600,4932.18,34,4939.0,28
-1,99700,4931.07,30,4938.0,29
-1,99800,4932.1,29,4938.96,26
-1,99900,4931.08,26,4938.0,26
-1,100000,4931.6,30,4938.0,22
-1,100100,4931.0,26,4937.78,27
-1,100200,4931.0,30,4938.0,30
-1,100300,4931.0,28,4938.0,28
-1,100400,4931.04,25,4938.0,25
-1,100500,4931.0,27,4937.0,27
-1,100600,4931.21,24,4937.91,23
-1,100700,4931.0,30,4938.0,30
-1,100800,4930.04,23,4936.56,27
-1,100900,4930.0,24,4936.92,25
-1,101000,4930.29,28,4937.0,22
-1,101100,4931.18,28,4938.0,27
-1,101200,4930.0,28,4937.0,28
-1,101300,4930.0,20,4937.0,20
-1,101400,4930.0,21,4937.0,21
-1,101500,4930.35,31,4937.0,21
-1,101600,4931.0,24,4937.71,28
-1,101700,4931.0,27,4937.62,29
-1,101800,4932.0,31,4938.88,32
-1,101900,4932.0,25,4938.92,25
-1,102000,4932.0,28,4938.96,28
-1,102100,4931.07,29,4937.49,39
-1,102200,4932.0,26,4938.96,26
-1,102300,4933.15,33,4940.0,28
-1,102400,4933.0,28,4939.96,28
-1,102500,4933.0,27,4939.96,27
-1,102600,4932.07,30,4939.0,28
-1,102700,4932.05,22,4939.0,21
-1,102800,4933.0,27,4939.6,30
-1,102900,4933.04,25,4939.72,29
-1,103000,4933.21,29,4940.0,27
-1,103100,4933.0,22,4940.0,22
-1,103200,4932.0,30,4939.0,30
-1,103300,4931.05,22,4938.0,22
-1,103400,4931.07,27,4938.0,27
-1,103500,4931.0,27,4938.0,27
-1,103600,4931.0,27,4937.56,34
-1,103700,4931.0,30,4937.58,38
-1,103800,4931.0,32,4937.94,32
-1,103900,4931.16,32,4938.0,28
-1,104000,4931.0,22,4938.0,22
-1,104100,4930.03,31,4937.0,31
-1,104200,4930.0,31,4937.0,31
-1,104300,4930.0,21,4937.0,21
-1,104400,4929.0,24,4935.85,26
-1,104500,4929.06,31,4935.31,36
-1,104600,4929.0,26,4936.0,26
-1,104700,4929.0,30,4936.0,30
-1,104800,4928.22,27,4935.0,21
-1,104900,4928.17,29,4935.0,24
-1,105000,4928.0,21,4935.0,21
-1,105100,4928.0,22,4935.0,22
-1,105200,4928.0,30,4935.0,30
-1,105300,4928.03,31,4935.0,31
-1,105400,4929.62,29,4935.91,23
-1,105500,4928.04,28,4934.41,34
-1,105600,4929.0,28,4936.0,28
-1,105700,4928.0,29,4934.87,31
-1,105800,4928.0,32,4935.0,32
-1,105900,4928.0,23,4935.0,23
-1,106000,4928.29,34,4935.0,28
-1,106100,4928.04,25,4934.52,33
-1,106200,4929.0,29,4936.0,29
-1,106300,4928.0,25,4934.16,31
-1,106400,4928.04,26,4935.0,27
-1,106500,4928.24,33,4935.0,25
-1,106600,4928.0,30,4934.88,32
-1,106700,4928.0,31,4935.0,31
-1,106800,4928.24,33,4935.0,27
-1,106900,4929.23,30,4936.0,23
-1,107000,4929.03,31,4936.0,30
-1,107100,4929.04,28,4935.96,27
-1,107200,4929.09,23,4936.0,23
-1,107300,4929.59,27,4935.0,23
-1,107400,4928.0,29,4935.0,29
-1,107500,4928.0,27,4935.0,27
-1,107600,4928.0,24,4934.79,28
-1,107700,4928.0,21,4935.0,21
-1,107800,4928.0,31,4935.0,31
-1,107900,4928.0,25,4935.0,25
-1,108000,4928.26,31,4935.0,23
-1,108100,4928.0,30,4935.0,30
-1,108200,4928.0,25,4935.0,25
-1,108300,4928.18,33,4935.0,27
-1,108400,4928.31,29,4935.0,20
-1,108500,4928.0,30,4935.0,30
-1,108600,4928.0,31,4934.78,32
-1,108700,4928.07,27,4935.0,27
-1,108800,4928.3,27,4935.0,26
-1,108900,4928.0,23,4934.92,24
-1,109000,4928.12,26,4935.0,24
-1,109100,4929.0,22,4935.31,32
-1,109200,4929.43,28,4936.0,25
-1,109300,4929.19,31,4935.96,25
-1,109400,4929.04,24,4935.11,38
-1,109500,4930.22,45,4936.0,30
-1,109600,4929.16,25,4936.0,21
-1,109700,4929.0,28,4936.0,28
-1,109800,4928.07,27,4935.0,27
-1,109900,4928.0,29,4935.0,29
-1,110000,4928.0,25,4935.0,25
-1,110100,4928.23,26,4935.0,25
-1,110200,4928.0,28,4934.79,29
-1,110300,4929.0,27,4935.69,32
-1,110400,4929.0,26,4936.0,26
-1,110500,4929.0,21,4936.0,21
-1,110600,4929.0,27,4935.0,27
-1,110700,4928.0,25,4935.0,25
-1,110800,4929.43,28,4935.92,24
-1,110900,4928.0,26,4934.86,28
-1,111000,4929.0,26,4936.0,26
-1,111100,4928.0,20,4934.04,26
-1,111200,4928.39,28,4934.95,21
-1,111300,4928.0,30,4934.6,35
-1,111400,4928.0,21,4935.0,21
-1,111500,4928.0,24,4935.0,24
-1,111600,4928.0,25,4934.92,26
-1,111700,4928.0,20,4935.0,20
-1,111800,4929.08,25,4936.0,25
-1,111900,4930.0,24,4936.0,24
-1,112000,4930.0,24,4936.96,24
-1,112100,4929.0,25,4936.0,25
-1,112200,4929.0,20,4936.0,20
-1,112300,4929.0,26,4936.0,27
-1,112400,4929.0,28,4935.0,28
-1,112500,4928.29,34,4934.46,28
-1,112600,4928.0,29,4935.0,29
-1,112700,4928.0,22,4934.78,23
-1,112800,4928.0,27,4934.69,32
-1,112900,4927.08,25,4934.0,25
-1,113000,4928.0,30,4935.0,30
-1,113100,4928.0,22,4934.42,31
-1,113200,4928.0,25,4935.0,25
-1,113300,4928.0,22,4934.83,24
-1,113400,4928.0,29,4935.0,29
-1,113500,4928.27,33,4935.0,29
-1,113600,4928.0,24,4934.78,27
-1,113700,4928.0,27,4934.51,35
-1,113800,4928.0,25,4935.0,25
-1,113900,4927.0,21,4933.91,22
-1,114000,4926.07,27,4933.0,27
-1,114100,4927.16,31,4934.0,30
-1,114200,4927.03,31,4934.0,31
-1,114300,4928.38,29,4934.0,21
-1,114400,4926.07,27,4933.0,27
-1,114500,4926.0,27,4932.79,28
-1,114600,4926.0,28,4932.96,28
-1,114700,4926.47,34,4933.0,30
-1,114800,4926.0,21,4933.0,21
-1,114900,4925.07,27,4931.8,30
-1,115000,4925.57,35,4931.71,34
-1,115100,4925.0,26,4931.93,27
-1,115200,4925.15,33,4932.0,28
-1,115300,4926.0,30,4932.0,30
-1,115400,4925.24,38,4931.97,29
-1,115500,4925.0,25,4931.92,25
-1,115600,4924.0,31,4931.0,31
-1,115700,4925.14,36,4931.97,31
-1,115800,4924.0,30,4931.0,30
-1,115900,4924.63,43,4931.0,28
-1,116000,4924.03,30,4930.76,34
-1,116100,4924.2,30,4931.0,28
-1,116200,4924.04,27,4931.0,26
-1,116300,4924.0,26,4930.44,36
-1,116400,4924.06,31,4930.88,33
-1,116500,4925.17,30,4931.93,29
-1,116600,4925.0,29,4932.0,30
-1,116700,4926.0,23,4932.96,23
-1,116800,4926.0,30,4932.62,32
-1,116900,4926.0,29,4933.0,29
-1,117000,4926.0,21,4932.0,21
-1,117100,4925.0,24,4930.91,35
-1,117200,4926.0,23,4932.96,23
-1,117300,4925.2,30,4932.0,29
-1,117400,4925.06,32,4932.0,32
-1,117500,4925.04,23,4931.39,33
-1,117600,4925.19,27,4932.0,23
-1,117700,4925.0,24,4931.0,24
-1,117800,4925.0,26,4931.65,31
-1,117900,4925.0,31,4932.0,31
-1,118000,4925.16,31,4931.97,30
-1,118100,4925.17,24,4932.0,20
-1,118200,4924.04,26,4930.58,33
-1,118300,4925.0,23,4931.77,26
-1,118400,4925.0,28,4931.0,28
-1,118500,4925.26,38,4931.0,28
-1,118600,4924.0,30,4930.0,36
-1,118700,4925.0,29,4931.93,29
-1,118800,4925.0,24,4932.0,24
-1,118900,4926.0,28,4932.96,28
-1,119000,4926.0,27,4932.0,27
-1,119100,4926.0,25,4933.0,25
-1,119200,4926.0,29,4933.0,29
-1,119300,4925.0,23,4932.0,23
-1,119400,4925.0,27,4932.0,27
-1,119500,4925.0,27,4932.0,27
-1,119600,4925.0,25,4932.0,25
-1,119700,4926.0,25,4932.92,25
-1,119800,4925.0,26,4931.78,27
-1,119900,4925.08,25,4931.52,33
-1,120000,4925.0,28,4931.96,28
-1,120100,4925.0,22,4931.91,22
-1,120200,4925.0,22,4932.0,23
-1,120300,4925.0,28,4931.93,29
-1,120400,4925.15,33,4932.0,28
-1,120500,4925.0,29,4932.0,29
-1,120600,4925.27,37,4932.0,27
-1,120700,4926.0,21,4932.95,21
-1,120800,4926.0,28,4932.0,28
-1,120900,4926.0,24,4931.85,26
-1,121000,4925.0,26,4932.0,26
-1,121100,4925.0,21,4932.0,21
-1,121200,4925.0,27,4932.0,27
-1,121300,4925.0,27,4931.79,28
-1,121400,4926.0,20,4933.0,20
-1,121500,4926.0,27,4933.0,27
-1,121600,4926.26,34,4932.82,33
-1,121700,4926.19,27,4932.96,26
-1,121800,4926.0,27,4932.64,33
-1,121900,4926.0,22,4933.0,22
-1,122000,4926.03,31,4932.94,32
-1,122100,4927.28,32,4934.0,23
-1,122200,4927.0,28,4933.86,29
-1,122300,4927.0,24,4934.0,24
-1,122400,4928.0,22,4935.0,22
-1,122500,4929.44,27,4935.59,29
-1,122600,4929.31,29,4936.0,24
-1,122700,4929.0,21,4936.0,21
-1,122800,4929.0,32,4935.82,33
-1,122900,4930.0,23,4936.7,27
-1,123000,4930.0,27,4937.0,27
-1,123100,4930.0,21,4937.0,21
-1,123200,4930.0,25,4937.0,26
-1,123300,4930.0,21,4937.0,21
-1,123400,4930.0,24,4936.96,24
-1,123500,4929.28,29,4936.0,23
-1,123600,4929.0,30,4936.0,30
-1,123700,4929.0,28,4935.0,28
-1,123800,4929.0,31,4936.0,31
-1,123900,4930.03,35,4936.0,27
-1,124000,4929.0,25,4936.0,25
-1,124100,4928.0,28,4935.0,28
-1,124200,4928.0,32,4934.94,32
-1,124300,4928.42,33,4935.0,23
-1,124400,4928.0,24,4935.0,24
-1,124500,4928.0,23,4934.91,23
-1,124600,4927.0,30,4934.0,30
-1,124700,4927.06,32,4934.0,32
-1,124800,4927.0,28,4934.0,28
-1,124900,4928.0,23,4934.96,23
-1,125000,4928.0,27,4935.0,27
-1,125100,4928.19,27,4935.0,26
-1,125200,4928.35,31,4934.92,24
-1,125300,4928.19,31,4935.0,25
-1,125400,4928.08,26,4935.0,26
-1,125500,4928.0,26,4935.0,26
-1,125600,4929.22,41,4935.0,31
-1,125700,4928.14,28,4935.0,26
-1,125800,4928.04,25,4934.92,26
-1,125900,4928.26,23,4935.0,22
-1,126000,4928.0,22,4934.91,22
-1,126100,4928.0,31,4934.0,31
-1,126200,4928.09,32,4934.0,29
-1,126300,4928.0,23,4934.96,23
-1,126400,4928.0,31,4935.0,31
-1,126500,4928.14,29,4935.0,27
-1,126600,4928.27,40,4935.0,31
-1,126700,4929.0,23,4935.0,23
-1,126800,4929.32,28,4935.96,25
-1,126900,4929.0,21,4935.75,24
-1,127000,4930.1,31,4936.0,28
-1,127100,4930.0,28,4935.93,29
-1,127200,4930.05,21,4937.0,20
-1,127300,4930.0,27,4937.0,27
-1,127400,4931.0,25,4937.96,25
-1,127500,4930.0,27,4936.74,31
-1,127600,4930.75,40,4937.0,26
-1,127700,4930.24,33,4937.0,25
-1,127800,4930.0,28,4936.65,34
-1,127900,4930.0,30,4937.0,30
-1,128000,4929.0,22,4934.55,29
-1,128100,4929.23,30,4936.0,25
-1,128200,4929.06,32,4936.0,32
-1,128300,4929.19,27,4936.0,26
-1,128400,4929.0,24,4936.0,24
-1,128500,4930.0,30,4936.97,30
-1,128600,4929.11,28,4936.0,26
-1,128700,4930.0,23,4937.0,23
-1,128800,4930.24,38,4937.0,29
-1,128900,4931.0,29,4938.0,29
-1,129000,4931.0,31,4938.0,32
-1,129100,4931.0,21,4938.0,21
-1,129200,4932.0,24,4937.85,27
-1,129300,4932.0,21,4938.0,20
-1,129400,4932.0,20,4939.0,20
-1,129500,4932.0,29,4939.0,29
-1,129600,4931.21,38,4938.0,31
-1,129700,4931.07,27,4938.0,27
-1,129800,4931.4,30,4938.0,26
-1,129900,4932.0,21,4938.95,21
-1,130000,4932.0,32,4938.0,32
-1,130100,4932.0,24,4938.44,32
-1,130200,4932.0,24,4939.0,24
-1,130300,4931.0,29,4938.0,29
-1,130400,4931.0,30,4938.0,30
-1,130500,4932.0,25,4938.41,34
-1,130600,4931.0,23,4938.0,23
-1,130700,4931.0,24,4938.0,24
-1,130800,4931.23,35,4938.0,27
-1,130900,4931.0,24,4938.0,25
-1,131000,4931.12,25,4938.0,24
-1,131100,4931.29,31,4937.93,29
-1,131200,4930.0,21,4937.0,22
-1,131300,4930.64,28,4937.0,22
-1,131400,4930.0,23,4937.0,23
-1,131500,4930.0,21,4937.0,21
-1,131600,4930.25,40,4937.0,30
-1,131700,4930.0,23,4936.26,27
-1,131800,4930.07,30,4936.24,33
-1,131900,4931.0,25,4937.0,25
-1,132000,4930.08,24,4937.0,24
-1,132100,4931.69,36,4937.0,21
-1,132200,4931.0,26,4938.0,26
-1,132300,4931.0,25,4938.0,25
-1,132400,4931.0,23,4938.0,23
-1,132500,4931.23,26,4938.0,24
-1,132600,4930.14,28,4937.0,24
-1,132700,4931.0,31,4937.0,31
-1,132800,4930.0,30,4937.0,30
-1,132900,4930.23,22,4937.0,21
-1,133000,4930.06,34,4937.0,32
-1,133100,4930.0,30,4936.97,30
-1,133200,4931.8,15,4936.97,30
-1,133300,4930.42,33,4937.0,29
-1,133400,4929.24,29,4936.0,23
-1,133500,4929.12,25,4936.0,22
-1,133600,4929.0,22,4935.25,32
-1,133700,4929.0,26,4935.96,26
-1,133800,4929.0,28,4936.0,28
-1,133900,4929.0,20,4936.0,20
-1,134000,4930.0,30,4936.0,31
-1,134100,4929.0,25,4936.0,25
-1,134200,4930.23,30,4937.0,23
-1,134300,4930.0,21,4936.68,25
-1,134400,4930.0,25,4937.0,25
-1,134500,4930.0,25,4936.79,28
-1,134600,4930.0,21,4937.0,21
-1,134700,4930.08,25,4937.0,23
-1,134800,4930.08,26,4936.03,36
-1,134900,4931.0,23,4936.77,26
-1,135000,4931.0,24,4938.0,24
-1,135100,4931.0,26,4938.0,26
-1,135200,4931.12,32,4937.52,40
-1,135300,4930.07,30,4937.0,30
-1,135400,4931.0,28,4936.93,29
-1,135500,4931.0,29,4937.93,29
-1,135600,4930.0,24,4937.0,24
-1,135700,4929.38,26,4936.0,24
-1,135800,4929.09,23,4935.34,32
-1,135900,4929.0,24,4936.0,24
-1,136000,4929.0,23,4934.92,24
-1,136100,4928.0,29,4934.8,30
-1,136200,4929.35,23,4936.0,21
-1,136300,4929.0,21,4936.0,21
-1,136400,4929.17,29,4935.0,28
-1,136500,4928.0,27,4934.18,39
-1,136600,4928.0,27,4935.0,27
-1,136700,4928.0,30,4934.97,30
-1,136800,4927.0,25,4934.0,25
-1,136900,4928.23,26,4935.0,20
-1,137000,4928.0,24,4934.0,24
-1,137100,4927.0,27,4933.79,28
-1,137200,4927.0,22,4934.0,22
-1,137300,4928.0,28,4935.0,28
-1,137400,4928.0,22,4935.0,22
-1,137500,4928.0,23,4935.0,23
-1,137600,4928.0,26,4933.93,27
-1,137700,4927.0,24,4934.0,24
-1,137800,4927.08,25,4934.0,25
-1,137900,4927.0,26,4934.0,26
-1,138000,4927.0,22,4934.0,22
-1,138100,4928.0,22,4933.33,30
-1,138200,4928.21,24,4935.0,23
-1,138300,4928.0,22,4935.0,23
-1,138400,4928.25,40,4935.0,30
-1,138500,4929.28,39,4935.0,29
-1,138600,4928.7,30,4935.0,26
-1,138700,4928.0,28,4934.64,33
-1,138800,4928.0,21,4935.0,21
-1,138900,4928.0,26,4934.96,26
-1,139000,4928.0,31,4935.0,31
-1,139100,4928.0,30,4935.0,30
-1,139200,4928.0,22,4935.0,22
-1,139300,4928.17,29,4935.0,28
-1,139400,4928.0,22,4934.65,26
-1,139500,4928.0,23,4934.96,23
-1,139600,4928.0,26,4935.0,26
-1,139700,4928.0,30,4934.93,30
-1,139800,4927.0,30,4933.75,32
-1,139900,4926.06,32,4933.0,32
-1,140000,4927.15,26,4934.0,25
-1,140100,4927.11,28,4934.0,25
-1,140200,4927.03,31,4934.0,31
-1,140300,4928.05,22,4935.0,21
-1,140400,4928.3,30,4935.0,21
-1,140500,4928.05,21,4935.0,21
-1,140600,4928.05,21,4935.0,22
-1,140700,4929.0,22,4936.0,22
-1,140800,4928.0,23,4934.77,26
-1,140900,4928.0,23,4935.0,23
-1,141000,4927.05,21,4934.0,21
-1,141100,4927.0,28,4934.0,28
-1,141200,4928.0,22,4935.0,22
-1,141300,4928.0,21,4934.5,28
-1,141400,4928.0,26,4935.0,26
-1,141500,4928.0,25,4935.0,26
-1,141600,4928.0,24,4934.44,32
-1,141700,4928.0,20,4935.0,20
-1,141800,4928.0,21,4935.0,21
-1,141900,4928.21,39,4934.94,31
-1,142000,4928.0,29,4935.0,29
-1,142100,4929.0,27,4935.0,27
-1,142200,4929.0,20,4936.0,21
-1,142300,4929.0,25,4936.0,25
-1,142400,4929.0,23,4936.0,23
-1,142500,4928.0,24,4935.0,24
-1,142600,4929.17,30,4935.93,29
-1,142700,4928.68,25,4935.0,22
-1,142800,4929.15,34,4935.0,29
-1,142900,4929.0,32,4936.0,32
-1,143000,4929.0,29,4935.93,29
-1,143100,4929.07,27,4936.0,27
-1,143200,4930.0,24,4936.0,24
-1,143300,4929.1,30,4936.0,27
-1,143400,4929.14,28,4936.0,27
-1,143500,4930.24,34,4937.0,26
-1,143600,4929.04,24,4936.0,24
-1,143700,4930.0,25,4936.96,25
-1,143800,4929.2,25,4936.0,22
-1,143900,4930.0,29,4937.0,29
-1,144000,4930.0,23,4936.7,27
-1,144100,4930.19,26,4937.0,25
-1,144200,4930.23,30,4937.0,24
-1,144300,4930.0,30,4936.54,39
-1,144400,4931.0,27,4937.96,28
-1,144500,4931.0,31,4938.0,31
-1,144600,4931.07,27,4938.0,25
-1,144700,4932.0,29,4938.93,29
-1,144800,4931.0,27,4938.0,27
-1,144900,4932.0,23,4938.91,23
-1,145000,4932.0,24,4938.0,24
-1,145100,4932.33,30,4939.0,20
-1,145200,4931.0,29,4937.8,30
-1,145300,4932.29,28,4938.92,26
-1,145400,4931.0,22,4938.0,22
-1,145500,4930.08,24,4936.66,29
-1,145600,4931.0,30,4937.71,35
-1,145700,4931.0,24,4937.52,31
-1,145800,4931.05,22,4938.0,21
-1,145900,4930.0,23,4937.0,23
-1,146000,4930.0,24,4937.0,24
-1,146100,4930.0,27,4936.5,36
-1,146200,4930.6,30,4936.5,32
-1,146300,4930.0,21,4935.2,30
-1,146400,4930.26,39,4937.0,31
-1,146500,4930.63,35,4937.0,31
-1,146600,4930.0,32,4937.0,32
-1,146700,4929.06,31,4936.0,31
-1,146800,4929.25,32,4936.0,24
-1,146900,4929.0,28,4935.96,28
-1,147000,4928.0,28,4935.0,28
-1,147100,4928.24,33,4935.0,25
-1,147200,4929.21,24,4936.0,23
-1,147300,4929.0,29,4935.0,29
-1,147400,4929.0,23,4935.75,24
-1,147500,4930.2,25,4936.0,24
-1,147600,4930.0,29,4936.97,29
-1,147700,4929.21,33,4936.0,26
-1,147800,4929.0,30,4936.0,30
-1,147900,4930.52,31,4936.0,27
-1,148000,4929.0,27,4936.0,27
-1,148100,4930.0,23,4937.0,24
-1,148200,4930.18,28,4937.0,27
-1,148300,4930.0,21,4936.32,25
-1,148400,4929.05,21,4936.0,21
-1,148500,4930.22,32,4936.0,25
-1,148600,4929.0,24,4936.0,24
-1,148700,4929.23,26,4936.0,25
-1,148800,4929.0,31,4935.72,36
-1,148900,4929.0,28,4936.0,28
-1,149000,4929.6,25,4935.95,22
-1,149100,4928.19,27,4935.0,22
-1,149200,4927.2,35,4934.0,30
-1,149300,4927.06,33,4934.0,31
-1,149400,4928.0,24,4935.0,24
-1,149500,4928.0,20,4934.56,27
-1,149600,4928.22,27,4935.0,21
-1,149700,4928.12,33,4935.0,29
-1,149800,4928.0,22,4934.38,32
-1,149900,4928.0,29,4934.52,33
-1,150000,4928.23,26,4935.0,20
-1,150100,4928.0,32,4934.73,37
-1,150200,4928.15,26,4935.0,23
-1,150300,4928.04,26,4935.0,26
-1,150400,4929.19,27,4935.91,22
-1,150500,4928.0,21,4935.0,21
-1,150600,4928.0,25,4934.0,25
-1,150700,4928.03,31,4935.0,31
-1,150800,4928.19,27,4934.4,25
-1,150900,4928.0,30,4934.94,31
-1,151000,4929.21,28,4935.95,22
-1,151100,4929.0,21,4935.4,30
-1,151200,4929.29,31,4936.0,24
-1,151300,4929.0,24,4936.0,24
-1,151400,4928.0,32,4934.88,34
-1,151500,4928.0,30,4935.0,30
-1,151600,4928.04,24,4935.0,24
-1,151700,4928.0,22,4934.74,23
-1,151800,4929.0,26,4935.0,26
-1,151900,4928.04,24,4935.0,24
-1,152000,4928.0,29,4935.0,29
-1,152100,4928.41,32,4935.0,23
-1,152200,4928.19,27,4935.0,22
-1,152300,4929.0,27,4936.0,27
-1,152400,4929.0,23,4936.0,23
-1,152500,4929.0,27,4936.0,27
-1,152600,4929.25,36,4936.0,27
-1,152700,4929.04,27,4936.0,27
-1,152800,4930.0,21,4936.95,21
-1,152900,4930.0,22,4936.95,22
-1,153000,4929.08,24,4935.62,26
-1,153100,4929.0,25,4936.0,25
-1,153200,4930.0,20,4937.0,20
-1,153300,4930.0,23,4937.0,23
-1,153400,4930.0,20,4937.0,20
-1,153500,4930.31,29,4937.0,20
-1,153600,4930.0,30,4936.0,31
-1,153700,4930.0,26,4937.0,26
-1,153800,4931.0,23,4937.91,23
-1,153900,4931.0,28,4938.0,28
-1,154000,4931.18,28,4938.0,27
-1,154100,4931.0,27,4938.0,27
-1,154200,4932.0,23,4938.96,23
-1,154300,4931.0,23,4937.41,27
-1,154400,4931.0,26,4938.0,26
-1,154500,4931.0,27,4938.0,27
-1,154600,4931.09,23,4938.0,21
-1,154700,4931.0,28,4938.0,28
-1,154800,4931.0,29,4937.93,29
-1,154900,4931.09,23,4937.59,29
-1,155000,4931.0,22,4937.91,22
-1,155100,4930.0,20,4936.95,21
-1,155200,4930.07,29,4936.96,27
-1,155300,4930.0,29,4937.0,29
-1,155400,4930.0,30,4936.97,30
-1,155500,4929.0,23,4936.0,23
-1,155600,4929.0,28,4936.0,29
-1,155700,4932.76,21,4936.0,27
-1,155800,4929.0,28,4936.0,28
-1,155900,4929.0,29,4935.44,39
-1,156000,4928.04,26,4935.0,26
-1,156100,4929.0,28,4936.0,28
-1,156200,4929.0,23,4936.0,23
-1,156300,4929.0,26,4936.0,26
-1,156400,4929.07,28,4936.0,26
-1,156500,4929.04,26,4935.86,28
-1,156600,4930.15,33,4937.0,28
-1,156700,4929.22,37,4936.0,31
-1,156800,4930.04,26,4937.0,25
-1,156900,4930.0,26,4937.0,26
-1,157000,4929.15,26,4936.0,22
-1,157100,4929.0,27,4935.86,29
-1,157200,4929.07,29,4936.0,29
-1,157300,4929.22,41,4936.0,32
-1,157400,4929.0,22,4935.19,26
-1,157500,4929.0,25,4935.17,30
-1,157600,4929.0,23,4935.91,23
-1,157700,4929.0,25,4935.96,25
-1,157800,4929.0,26,4935.7,30
-1,157900,4929.16,31,4935.92,26
-1,158000,4929.0,29,4936.0,29
-1,158100,4929.0,31,4935.94,32
-1,158200,4929.0,27,4934.22,45
-1,158300,4929.28,29,4935.41,27
-1,158400,4930.0,29,4936.0,29
-1,158500,4930.17,30,4937.0,29
-1,158600,4930.0,23,4937.0,23
-1,158700,4930.17,30,4937.0,29
-1,158800,4930.0,26,4936.0,26
-1,158900,4929.0,20,4936.0,20
-1,159000,4929.22,23,4936.0,22
-1,159100,4929.0,25,4935.79,28
-1,159200,4929.0,19,4935.74,23
-1,159300,4929.03,29,4936.0,30
-1,159400,4930.0,21,4935.63,27
-1,159500,4930.19,26,4937.0,25
-1,159600,4929.06,32,4936.0,32
-1,159700,4930.0,31,4936.0,31
-1,159800,4930.0,29,4937.0,29
-1,159900,4930.0,20,4937.0,20
-1,160000,4930.0,23,4937.0,23
-1,160100,4929.06,32,4936.0,32
-1,160200,4930.0,32,4936.0,32
-1,160300,4929.04,23,4936.0,23
-1,160400,4929.0,28,4936.0,28
-1,160500,4928.07,28,4934.75,32
-1,160600,4929.0,23,4935.96,23
-1,160700,4928.0,30,4935.0,30
-1,160800,4929.0,29,4936.0,29
-1,160900,4928.0,25,4934.61,31
-1,161000,4928.0,25,4935.0,26
-1,161100,4927.04,23,4933.77,26
-1,161200,4927.0,24,4934.0,24
-1,161300,4928.0,27,4934.89,28
-1,161400,4927.23,30,4934.0,29
-1,161500,4927.74,27,4934.0,23
-1,161600,4927.0,30,4934.0,30
-1,161700,4927.0,30,4934.0,30
-1,161800,4927.07,30,4934.0,28
-1,161900,4926.0,28,4933.0,28
-1,162000,4927.0,31,4933.0,31
-1,162100,4926.0,32,4933.0,32
-1,162200,4926.1,30,4933.0,27
-1,162300,4927.0,28,4933.42,38
-1,162400,4926.22,37,4932.26,34
-1,162500,4927.0,29,4934.0,29
-1,162600,4927.0,27,4933.93,27
-1,162700,4926.0,28,4933.0,28
-1,162800,4927.0,20,4934.0,20
-1,162900,4927.0,32,4933.0,32
-1,163000,4926.26,35,4933.0,27
-1,163100,4926.05,22,4932.84,25
-1,163200,4927.0,30,4933.93,30
-1,163300,4926.04,26,4933.0,26
-1,163400,4926.0,29,4933.0,29
-1,163500,4926.0,27,4933.0,27
-1,163600,4926.0,30,4933.0,30
-1,163700,4926.0,20,4932.67,24
-1,163800,4926.08,25,4932.61,31
-1,163900,4927.31,32,4933.91,22
-1,164000,4927.22,23,4934.0,22
-1,164100,4926.38,39,4933.0,29
-1,164200,4926.0,23,4933.0,23
-1,164300,4926.07,27,4933.0,27
-1,164400,4927.18,28,4933.0,27
-1,164500,4926.23,31,4933.0,25
-1,164600,4926.0,32,4933.0,32
-1,164700,4926.0,27,4933.0,27
-1,164800,4926.0,24,4932.96,24
-1,164900,4926.0,24,4933.0,24
-1,165000,4926.0,26,4932.0,26
-1,165100,4925.04,28,4932.0,28
-1,165200,4925.03,30,4932.0,30
-1,165300,4926.0,27,4932.0,27
-1,165400,4925.07,30,4932.0,30
-1,165500,4925.38,24,4932.0,21
-1,165600,4925.0,28,4932.0,28
-1,165700,4925.17,30,4932.0,29
-1,165800,4925.04,25,4932.0,24
-1,165900,4925.0,28,4932.0,28
-1,166000,4925.0,24,4932.0,24
-1,166100,4925.0,22,4932.0,22
-1,166200,4925.0,22,4932.0,22
-1,166300,4925.0,30,4932.0,30
-1,166400,4925.09,23,4932.0,23
-1,166500,4925.0,29,4931.8,30
-1,166600,4926.0,28,4931.51,37
-1,166700,4925.0,21,4932.0,21
-1,166800,4926.0,24,4932.77,26
-1,166900,4926.0,24,4932.84,25
-1,167000,4926.0,22,4932.68,25
-1,167100,4926.0,27,4933.0,27
-1,167200,4926.0,23,4932.39,33
-1,167300,4926.0,26,4932.68,31
-1,167400,4926.0,29,4933.0,29
-1,167500,4926.04,27,4932.54,35
-1,167600,4926.0,25,4933.0,25
-1,167700,4927.27,33,4933.0,24
-1,167800,4926.53,38,4933.0,32
-1,167900,4927.0,29,4933.97,29
-1,168000,4927.0,29,4934.0,29
-1,168100,4927.0,23,4934.0,23
-1,168200,4927.0,25,4934.0,25
-1,168300,4928.0,20,4935.0,20
-1,168400,4927.24,38,4934.0,30
-1,168500,4928.0,26,4934.92,26
-1,168600,4928.3,30,4935.0,21
-1,168700,4928.0,20,4934.54,26
-1,168800,4927.64,42,4934.0,27
-1,168900,4927.0,23,4934.0,23
-1,169000,4927.0,28,4933.87,30
-1,169100,4927.0,29,4934.0,29
-1,169200,4927.0,29,4934.0,29
-1,169300,4927.0,30,4933.67,36
-1,169400,4927.17,29,4933.92,24
-1,169500,4927.0,30,4934.0,30
-1,169600,4927.0,22,4934.0,22
-1,169700,4927.2,30,4934.0,24
-1,169800,4927.0,28,4933.93,28
-1,169900,4927.08,25,4933.0,23
-1,170000,4927.0,20,4933.9,21
-1,170100,4927.21,28,4934.0,26
-1,170200,4927.0,31,4933.44,34
-1,170300,4927.0,25,4933.96,25
-1,170400,4927.07,28,4934.0,26
-1,170500,4927.0,26,4934.0,26
-1,170600,4927.0,32,4933.68,38
-1,170700,4927.0,24,4933.96,24
-1,170800,4927.08,25,4934.0,23
-1,170900,4927.0,29,4933.0,29
-1,171000,4926.06,32,4932.76,34
-1,171100,4926.0,30,4933.0,30
-1,171200,4926.0,31,4933.0,31
-1,171300,4927.19,36,4933.0,29
-1,171400,4926.0,22,4932.67,24
-1,171500,4926.0,31,4932.97,31
-1,171600,4926.0,27,4932.74,31
-1,171700,4926.0,27,4932.6,30
-1,171800,4926.26,23,4933.0,22
-1,171900,4927.0,26,4933.58,33
-1,172000,4928.0,30,4935.0,30
-1,172100,4928.0,24,4934.0,24
-1,172200,4927.49,35,4934.0,24
-1,172300,4927.0,28,4933.0,28
-1,172400,4926.0,23,4932.44,32
-1,172500,4927.0,25,4933.0,25
-1,172600,4926.0,24,4933.0,24
-1,172700,4926.0,32,4932.08,48
-1,172800,4926.0,30,4932.81,31
-1,172900,4926.0,20,4933.0,20
-1,173000,4927.21,28,4934.0,22
-1,173100,4928.0,29,4934.88,32
-1,173200,4927.0,32,4933.55,40
-1,173300,4926.05,21,4933.0,21
-1,173400,4927.0,24,4933.92,24
-1,173500,4927.04,26,4933.79,29
-1,173600,4927.08,25,4934.0,24
-1,173700,4927.0,20,4934.0,20
-1,173800,4928.0,29,4934.0,29
-1,173900,4927.03,31,4934.0,31
-1,174000,4928.13,30,4934.97,29
-1,174100,4927.0,20,4934.0,20
-1,174200,4927.0,31,4933.88,33
-1,174300,4927.04,25,4934.0,25
-1,174400,4927.07,29,4934.0,29
-1,174500,4927.0,23,4934.0,23
-1,174600,4926.0,28,4932.87,30
-1,174700,4927.0,25,4933.67,30
-1,174800,4927.0,31,4933.81,32
-1,174900,4927.0,25,4933.96,25
-1,175000,4926.05,21,4933.0,21
-1,175100,4926.0,23,4932.64,28
-1,175200,4927.0,26,4933.47,34
-1,175300,4927.0,22,4934.0,22
-1,175400,4926.0,27,4933.0,27
-1,175500,4927.0,24,4934.0,24
-1,175600,4927.0,31,4934.0,31
-1,175700,4927.0,22,4934.0,22
-1,175800,4927.0,26,4933.0,26
-1,175900,4926.0,20,4932.54,26
-1,176000,4927.19,37,4933.97,30
-1,176100,4926.07,29,4933.0,29
-1,176200,4927.0,21,4933.95,21
-1,176300,4927.2,25,4934.0,20
-1,176400,4927.1,29,4933.92,26
-1,176500,4927.0,24,4933.92,24
-1,176600,4927.09,23,4934.0,23
-1,176700,4927.24,38,4934.0,30
-1,176800,4927.0,26,4934.0,26
-1,176900,4927.0,29,4934.0,29
-1,177000,4927.0,29,4933.97,30
-1,177100,4927.0,30,4933.53,38
-1,177200,4927.0,27,4934.0,27
-1,177300,4927.0,30,4934.0,30
-1,177400,4928.0,31,4934.97,31
-1,177500,4927.09,23,4933.7,27
-1,177600,4928.0,29,4935.0,29
-1,177700,4929.0,24,4936.0,24
-1,177800,4929.0,29,4936.0,29
-1,177900,4929.0,29,4935.93,29
-1,178000,4929.0,23,4936.0,23
-1,178100,4928.16,25,4935.0,24
-1,178200,4928.0,21,4933.45,29
-1,178300,4928.0,27,4935.0,27
-1,178400,4928.0,23,4935.0,23
-1,178500,4929.53,36,4935.0,25
-1,178600,4928.22,32,4934.0,22
-1,178700,4927.16,25,4934.0,21
-1,178800,4926.04,25,4933.0,26
-1,178900,4926.1,31,4933.0,28
-1,179000,4926.0,31,4932.58,38
-1,179100,4926.68,37,4932.0,25
-1,179200,4926.0,28,4933.0,28
-1,179300,4926.0,26,4932.92,26
-1,179400,4926.48,31,4932.96,26
-1,179500,4926.06,33,4933.0,31
-1,179600,4927.17,30,4933.93,29
-1,179700,4927.0,22,4933.91,22
-1,179800,4926.0,28,4933.0,28
-1,179900,4927.0,23,4933.23,26
-1,180000,4927.0,28,4930.78,9
-1,180100,4927.0,21,4932.5,28
-1,180200,4927.29,24,4934.0,23
-1,180300,4928.0,19,4934.0,20
-1,180400,4928.18,28,4934.0,27
-1,180500,4927.0,26,4934.0,26
-1,180600,4927.0,28,4934.0,28
-1,180700,4926.11,28,4933.0,27
-1,180800,4926.05,21,4933.0,21
-1,180900,4926.03,29,4933.0,29
-1,181000,4927.29,31,4933.0,22
-1,181100,4927.0,23,4934.0,23
-1,181200,4927.0,29,4933.93,29
-1,181300,4926.03,29,4932.87,30
-1,181400,4926.0,27,4933.0,27
-1,181500,4926.0,25,4933.0,25
-1,181600,4926.0,31,4932.94,31
-1,181700,4925.29,28,4932.0,21
-1,181800,4925.05,21,4931.62,26
-1,181900,4925.07,27,4932.0,27
-1,182000,4925.0,26,4931.62,32
-1,182100,4925.0,22,4932.0,22
-1,182200,4928.0,10,4933.0,29
-1,182300,4926.0,23,4933.0,23
-1,182400,4926.0,28,4933.0,28
-1,182500,4926.23,30,4933.0,29
-1,182600,4926.0,22,4933.0,22
-1,182700,4927.0,31,4933.7,33
-1,182800,4927.0,32,4934.0,32
-1,182900,4927.0,20,4934.0,20
-1,183000,4927.0,23,4934.0,23
-1,183100,4927.04,28,4934.0,27
-1,183200,4928.0,36,4934.0,29
-1,183300,4928.0,28,4934.0,29
-1,183400,4928.31,32,4934.0,22
-1,183500,4927.08,24,4934.0,24
-1,183600,4928.0,26,4933.8,40
-1,183700,4928.21,24,4935.0,23
-1,183800,4927.0,22,4932.65,31
-1,183900,4927.07,30,4934.0,30
-1,184000,4928.0,24,4934.68,28
-1,184100,4928.0,26,4934.62,32
-1,184200,4928.0,26,4934.96,26
-1,184300,4928.0,32,4934.0,32
-1,184400,4927.0,29,4934.0,29
-1,184500,4927.0,21,4934.0,21
-1,184600,4927.09,22,4933.47,30
-1,184700,4928.0,22,4935.0,22
-1,184800,4928.15,33,4935.0,28
-1,184900,4928.23,30,4935.0,27
-1,185000,4928.0,31,4935.0,31
-1,185100,4927.0,28,4934.0,28
-1,185200,4928.0,22,4935.0,22
-1,185300,4928.26,23,4935.0,22
-1,185400,4928.22,37,4935.0,29
-1,185500,4929.0,32,4935.0,32
-1,185600,4928.06,32,4934.56,41
-1,185700,4929.05,22,4936.0,21
-1,185800,4929.0,23,4935.83,24
-1,185900,4929.0,24,4936.0,24
-1,186000,4928.08,24,4934.84,25
-1,186100,4928.0,32,4934.48,42
-1,186200,4927.0,22,4932.47,34
-1,186300,4927.29,35,4934.0,27
-1,186400,4928.0,22,4935.0,22
-1,186500,4929.0,26,4935.0,26
-1,186600,4929.0,28,4935.0,28
-1,186700,4928.0,26,4935.0,26
-1,186800,4928.0,23,4935.0,23
-1,186900,4928.0,29,4935.0,29
-1,187000,4928.0,29,4935.0,30
-1,187100,4928.0,23,4934.44,32
-1,187200,4928.0,23,4933.79,24
-1,187300,4928.0,23,4934.44,32
-1,187400,4928.0,27,4934.46,37
-1,187500,4928.06,31,4935.0,30
-1,187600,4928.04,25,4935.0,26
-1,187700,4928.08,26,4935.0,26
-1,187800,4929.28,29,4936.0,21
-1,187900,4929.23,35,4935.93,27
-1,188000,4929.0,27,4936.0,27
-1,188100,4929.17,29,4936.0,28
-1,188200,4929.0,31,4935.65,37
-1,188300,4928.04,27,4934.35,31
-1,188400,4928.0,26,4935.0,26
-1,188500,4928.0,29,4935.0,29
-1,188600,4927.0,24,4934.0,24
-1,188700,4927.0,24,4934.0,24
-1,188800,4928.04,23,4935.0,22
-1,188900,4928.0,25,4934.96,25
-1,189000,4928.0,23,4934.0,23
-1,189100,4928.0,25,4933.93,30
-1,189200,4928.07,28,4935.0,28
-1,189300,4929.0,22,4935.0,22
-1,189400,4929.0,31,4935.94,31
-1,189500,4929.0,24,4935.92,24
-1,189600,4928.15,27,4935.0,23
-1,189700,4928.0,26,4935.0,26
-1,189800,4928.35,26,4935.0,23
-1,189900,4928.07,30,4934.42,36
-1,190000,4928.04,23,4935.0,23
-1,190100,4928.0,26,4934.73,30
-1,190200,4929.0,29,4936.0,30
-1,190300,4929.07,28,4935.5,32
-1,190400,4929.34,32,4936.0,23
-1,190500,4929.06,32,4936.0,32
-1,190600,4929.0,24,4936.0,24
-1,190700,4929.17,30,4935.0,29
-1,190800,4928.07,30,4934.76,34
-1,190900,4929.0,26,4935.49,35
-1,191000,4929.0,25,4936.0,25
-1,191100,4929.0,29,4935.97,29
-1,191200,4929.0,22,4935.91,22
-1,191300,4929.23,35,4935.0,26
-1,191400,4929.03,30,4935.0,29
-1,191500,4929.15,34,4936.0,29
-1,191600,4929.0,28,4936.0,28
-1,191700,4929.0,28,4936.0,28
-1,191800,4929.0,28,4934.9,31
-1,191900,4928.27,26,4935.0,25
-1,192000,4928.07,29,4935.0,29
-1,192100,4928.23,26,4935.0,25
-1,192200,4928.18,28,4935.0,27
-1,192300,4927.22,27,4934.0,26
-1,192400,4928.0,27,4935.0,27
-1,192500,4931.53,15,4934.0,25
-1,192600,4927.1,30,4934.0,29
-1,192700,4927.0,25,4933.72,29
-1,192800,4928.0,20,4935.0,20
-1,192900,4928.28,36,4935.0,26
-1,193000,4928.0,27,4935.0,28
-1,193100,4927.0,26,4934.0,27
-1,193200,4928.0,22,4934.57,28
-1,193300,4928.0,26,4934.86,28
-1,193400,4929.0,24,4936.0,24
-1,193500,4928.04,24,4935.0,24
-1,193600,4928.0,25,4935.0,25
-1,193700,4928.0,21,4935.0,21
-1,193800,4928.08,25,4935.0,23
-1,193900,4928.25,32,4935.0,31
-1,194000,4929.17,29,4935.0,28
-1,194100,4928.06,31,4934.55,40
-1,194200,4929.0,26,4935.78,27
-1,194300,4929.0,26,4935.78,27
-1,194400,4929.0,31,4935.0,31
-1,194500,4929.0,21,4935.0,21
-1,194600,4928.07,30,4935.0,30
-1,194700,4928.0,28,4935.0,28
-1,194800,4929.0,30,4936.0,30
-1,194900,4929.0,25,4936.0,25
-1,195000,4929.23,35,4935.96,27
-1,195100,4929.0,29,4935.97,29
-1,195200,4929.0,21,4936.0,21
-1,195300,4929.0,30,4935.97,30
-1,195400,4929.17,30,4936.0,25
-1,195500,4929.0,20,4936.0,21
-1,195600,4929.27,30,4936.0,22
-1,195700,4929.09,32,4936.0,29
-1,195800,4929.0,30,4935.79,33
-1,195900,4929.0,24,4936.0,24
-1,196000,4928.0,30,4934.43,35
-1,196100,4929.0,28,4936.0,28
-1,196200,4929.0,25,4935.47,34
-1,196300,4928.31,35,4935.0,26
-1,196400,4928.24,29,4935.0,22
-1,196500,4927.0,20,4934.0,20
-1,196600,4927.0,24,4934.0,24
-1,196700,4927.47,34,4934.0,23
-1,196800,4928.0,28,4935.0,28
-1,196900,4928.0,26,4935.0,26
-1,197000,4928.0,21,4935.0,21
-1,197100,4929.0,24,4936.0,24
-1,197200,4929.0,26,4935.71,28
-1,197300,4929.44,36,4936.0,28
-1,197400,4929.05,21,4936.0,21
-1,197500,4929.17,30,4935.92,25
-1,197600,4929.0,26,4935.93,27
-1,197700,4929.0,23,4935.24,34
-1,197800,4929.05,22,4936.0,22
-1,197900,4933.46,13,4936.0,26
-1,198000,4930.0,28,4937.0,28
-1,198100,4930.04,23,4936.64,28
-1,198200,4930.06,31,4936.88,33
-1,198300,4930.0,24,4934.8,10
-1,198400,4930.09,33,4936.0,30
-1,198500,4930.0,32,4935.64,39
-1,198600,4930.0,25,4936.0,25
-1,198700,4930.19,27,4937.0,22
-1,198800,4929.0,28,4936.0,28
-1,198900,4929.04,23,4935.92,24
-1,199000,4929.0,31,4935.94,32
-1,199100,4930.0,23,4936.91,23
-1,199200,4930.0,31,4936.0,31
-1,199300,4929.23,31,4936.0,30
-1,199400,4930.0,25,4937.0,25
-1,199500,4930.0,22,4937.0,22
-1,199600,4930.0,28,4937.0,28
-1,199700,4931.0,30,4937.93,30
-1,199800,4930.04,28,4937.0,28
-1,199900,4930.26,34,4936.46,28
