0;4892;23;4893;9;4899;-23
100;4892;26;4897;1;4898;-22
200;4892;22;4899;-22
300;4893;26;4898;1;4900;-26
400;4893;28;4894;8;4896;-5;4899;-28
500;4893;24;4894;8;4898;1;4899;-24
600;4892;30;4899;-30
700;4891;22;4898;-23
800;4891;25;4894;1;4898;-25
900;4891;20;4892;1;4898;-21
1000;4891;31;4897;-1;4898;-30
1100;4891;22;4896;-6;4898;-22
1200;4891;22;4898;-23
1300;4890;25;4897;-25
1400;4890;23;4897;-23
1500;4890;20;4891;1;4896;1;4897;-21
1600;4891;30;4897;-30
1700;4890;28;4892;-2;4897;-28
1800;4890;23;4895;-10;4897;-23
1900;4890;32;4891;-1;4897;-32
2000;4890;23;4896;-2;4897;-21
2100;4890;28;4896;-2;4897;-26
2200;4889;20;4890;1;4896;-21
2300;4889;22;4890;2;4892;-1;4896;-24
2400;4889;20;4890;2;4896;-22
2500;4890;23;4891;3;4896;-2;4897;-21
2600;4889;29;4890;1;4894;-4;4896;-30
2700;4889;21;4890;9;4896;-23
2800;4890;27;4897;-27
2900;4891;22;4897;-22
3000;4891;30;4896;1;4897;-30
3100;4891;28;4892;6;4897;-1;4898;-27
3200;4891;24;4898;-24
3300;4891;25;4897;-1;4898;-24
3400;4891;29;4892;10;4897;-2;4898;-27
3500;4891;26;4894;4;4896;-10;4898;-26
3600;4891;27;4896;-8;4898;-27
3700;4892;25;4893;4;4898;-25
3800;4892;24;4899;-24
3900;4892;26;4898;-26
4000;4891;30;4898;-31
4100;4892;24;4897;-4;4899;-24
4200;4892;28;4893;1;4899;-29
4300;4892;26;4897;-8;4899;-26
4400;4892;28;4899;-28
4500;4892;26;4899;-26
4600;4892;21;4899;-21
4700;4892;26;4893;5;4899;-26
4800;4892;22;4893;1;4898;1;4899;-23
4900;4893;24;4899;-24
5000;4892;30;4893;10;4899;-31
5100;4893;26;4899;-26
5200;4893;25;4894;7;4900;-25
5300;4893;22;4900;-22
5400;4894;30;4901;-30
5500;4894;28;4895;1;4901;-29
5600;4895;25;4896;2;4901;-2;4902;-23
5700;4895;31;4899;4;4901;-31
5800;4894;30;4897;-2;4901;-30
5900;4895;23;4901;-23
6000;4894;30;4899;-10;4901;-30
6100;4894;24;4895;1;4901;-25
6200;4894;29;4895;4;4900;1;4901;-30
6300;4894;22;4897;-3;4901;-22
6400;4894;24;4897;-2;4899;-6;4901;-24
6500;4894;22;4901;-22
6600;4894;29;4901;-29
6700;4894;31;4900;-1;4901;-30
6800;4893;30;4899;-2;4900;-29
6900;4893;29;4900;-29
7000;4893;30;4894;1;4900;-31
7100;4893;31;4898;-7;4900;-31
7200;4893;23;4898;-2;4899;-1;4900;-22
7300;4893;26;4900;-26
7400;4894;22;4901;-22
7500;4894;29;4901;-29
7600;4894;27;4901;-27
7700;4894;26;4899;-5;4901;-26
7800;4894;23;4901;-23
7900;4895;24;4900;-7;4901;-2;4902;-22
8000;4896;30;4901;1;4902;-30
8100;4896;25;4902;-25
8200;4896;27;4899;4;4903;-27
8300;4896;28;4897;9;4903;-28
8400;4897;29;4898;5;4904;-29
8500;4896;25;4897;2;4901;3;4903;-27
8600;4896;29;4903;-29
8700;4896;24;4901;1;4903;-24
8800;4896;31;4902;-1;4903;-30
8900;4896;26;4903;-26
9000;4895;23;4902;-23
9100;4896;22;4897;-5;4903;-22
9200;4896;27;4903;-27
9300;4895;29;4896;2;4902;-30
9400;4895;30;4902;-30
9500;4896;26;4902;-2;4903;-24
9600;4896;21;4900;-6;4902;-21
9700;4896;31;4902;-1;4903;-30
9800;4895;26;4896;1;4902;-26
9900;4895;24;4896;-9;4902;-24
10000;4895;27;4902;-27
10100;4895;21;4902;-21
10200;4895;20;4902;-20
10300;4895;25;4901;-1;4902;-24
10400;4895;25;4902;-25
10500;4895;26;4901;-26
10600;4895;20;4902;-20
10700;4895;24;4902;-24
10800;4895;23;4900;-1;4902;-23
10900;4894;22;4895;1;4901;-23
11000;4894;27;4895;-9;4900;-1;4901;-26
11100;4894;31;4899;-1;4900;-1;4901;-30
11200;4894;30;4901;-30
11300;4894;27;4899;-2;4900;-2;4901;-25
11400;4894;30;4901;-30
11500;4893;28;4894;1;4900;-29
11600;4892;22;4893;2;4899;-24
11700;4893;22;4899;-2;4900;-20
11800;4893;22;4894;10;4900;-22
11900;4893;23;4894;1;4900;-23
12000;4893;28;4900;-28
12100;4893;23;4894;2;4900;-25
12200;4893;23;4894;2;4900;-25
12300;4893;25;4898;-3;4900;-25
12400;4893;29;4894;5;4900;-29
12500;4892;23;4899;-23
12600;4892;26;4899;-26
12700;4892;28;4897;-1;4899;-28
12800;4892;30;4896;-9;4898;-30
12900;4892;23;4897;-4;4898;-2;4899;-21
13000;4892;32;4897;-2;4899;-32
13100;4892;21;4899;-21
13200;4892;31;4893;9;4897;1;4899;-31
13300;4892;22;4893;1;4899;-23
13400;4893;26;4900;-26
13500;4893;25;4897;5;4900;-25
13600;4893;26;4898;-6;4899;-2;4900;-24
13700;4893;28;4897;2;4899;-28
13800;4893;23;4894;1;4900;-23
13900;4893;21;4900;-21
14000;4894;30;4900;-29
14100;4893;20;4894;2;4898;-4;4900;-22
14200;4893;21;4900;-21
14300;4894;22;4898;2;4900;-22
14400;4894;22;4901;-23
14500;4893;29;4898;-10;4900;-29
14600;4893;28;4894;-11;4900;-28
14700;4893;24;4900;-24
14800;4893;30;4894;1;4896;-4;4900;-31
14900;4893;26;4898;-1;4900;-26
15000;4893;27;4894;-1;4900;-27
15100;4894;21;4900;-1;4901;-20
15200;4893;21;4894;2;4898;-1;4900;-23
15300;4893;24;4898;-7;4900;-24
15400;4893;30;4899;-30
15500;4892;25;4899;-25
15600;4892;23;4899;-23
15700;4892;30;4899;-30
15800;4892;28;4893;6;4899;-28
15900;4892;21;4897;-8;4899;-21
16000;4892;22;4893;-7;4899;-22
16100;4893;27;4899;-1;4900;-26
16200;4893;27;4894;-1;4898;-7;4900;-27
16300;4892;21;4893;1;4899;-22
16400;4893;27;4898;-6;4899;-2;4900;-25
16500;4893;22;4900;-22
16600;4893;26;4900;-26
16700;4893;25;4894;2;4900;-25
16800;4893;27;4900;-27
16900;4893;22;4894;2;4900;-24
17000;4893;25;4894;1;4900;-26
17100;4893;26;4894;1;4900;-27
17200;4893;28;4900;-28
17300;4894;28;4900;-28
17400;4893;25;4900;-25
17500;4894;28;4900;-2;4901;-26
17600;4894;29;4895;1;4901;-30
17700;4894;22;4895;2;4901;-22
17800;4894;32;4899;-5;4901;-32
17900;4894;21;4899;-2;4901;-21
18000;4895;24;4901;-24
18100;4895;30;4901;-2;4902;-28
18200;4894;23;4895;2;4899;-10;4901;-25
18300;4894;20;4901;-20
18400;4894;22;4899;1;4900;-1;4901;-21
18500;4893;21;4894;2;4899;1;4900;-23
18600;4893;21;4894;1;4900;-22
18700;4894;30;4901;-30
18800;4895;24;4899;-7;4901;-24
18900;4894;25;4899;8;4901;-25
19000;4894;31;4901;-31
19100;4894;23;4900;-2;4901;-21
19200;4894;26;4899;-1;4901;-26
19300;4893;23;4894;4;4900;-25
19400;4894;26;4899;-5;4900;-2;4901;-24
19500;4894;23;4901;-23
19600;4894;27;4895;-4;4900;-1;4901;-26
19700;4893;29;4894;2;4900;-31
19800;4893;28;4899;-2;4900;-26
19900;4893;23;4899;-1;4900;-22
20000;4893;26;4894;-12;4900;-26
20100;4892;29;4893;1;4899;-30
20200;4893;20;4900;-20
20300;4893;24;4899;-24
20400;4892;27;4893;1;4899;-28
20500;4892;25;4893;8;4899;-26
20600;4892;25;4897;-5;4899;-25
20700;4892;30;4899;-30
20800;4891;26;4898;-26
20900;4891;31;4892;-1;4898;-31
21000;4891;26;4892;-13;4894;-5;4897;-1;4898;-25
21100;4890;28;4897;-28
21200;4890;29;4896;1;4897;-29
21300;4891;22;4897;-22
21400;4891;30;4897;-1;4898;-29
21500;4891;28;4892;2;4898;-30
21600;4892;22;4893;5;4896;1;4899;-22
21700;4892;27;4899;-27
21800;4892;25;4893;1;4899;-26
21900;4892;27;4897;-3;4899;-27
22000;4891;20;4892;2;4898;-22
22100;4892;22;4897;1;4899;-22
22200;4892;23;4899;-23
22300;4892;30;4898;-30
22400;4891;24;4896;-3;4898;-24
22500;4891;27;4892;2;4897;1;4898;-27
22600;4891;26;4892;5;4896;1;4897;-1;4898;-25
22700;4891;26;4896;-9;4898;-26
22800;4891;26;4892;1;4898;-27
22900;4891;22;4898;-23
23000;4891;21;4896;-2;4897;-1;4898;-20
23100;4891;28;4897;-2;4898;-26
23200;4891;24;4896;-4;4897;-1;4898;-24
23300;4891;23;4893;-4;4897;-23
23400;4891;30;4898;-30
23500;4891;31;4896;1;4898;-31
23600;4890;27;4891;-1;4897;-27
23700;4890;20;4891;1;4896;1;4897;-21
23800;4891;22;4898;-22
23900;4891;27;4897;-27
24000;4890;29;4897;-29
24100;4890;22;4897;-22
24200;4891;24;4895;-7;4897;-24
24300;4890;27;4891;-1;4897;-27
24400;4890;29;4897;-29
24500;4890;26;4895;-10;4896;-2;4897;-24
24600;4890;24;4892;-2;4894;-10;4896;-24
24700;4890;22;4893;6;4896;-2;4897;-20
24800;4889;28;4892;-1;4896;-28
24900;4889;24;4890;7;4896;-24
25000;4889;28;4896;-28
25100;4889;27;4890;9;4894;1;4896;-27
25200;4890;26;4896;-26
25300;4889;21;4890;10;4896;-22
25400;4889;29;4896;-29
25500;4889;24;4896;-24
25600;4889;24;4895;-24
25700;4889;25;4895;-1;4896;-24
25800;4889;29;4895;-29
25900;4888;29;4895;-29
26000;4888;27;4894;1;4895;-27
26100;4888;24;4889;4;4894;1;4895;-25
26200;4888;29;4891;3;4894;-2;4895;-27
26300;4888;26;4889;-1;4893;-5;4895;-26
26400;4888;27;4895;-27
26500;4888;22;4895;-22
26600;4888;31;4894;-2;4895;-29
26700;4888;26;4893;1;4895;-26
26800;4888;20;4889;7;4895;-20
26900;4888;22;4895;-22
27000;4889;27;4890;2;4892;-5;4895;-27
27100;4888;27;4889;2;4893;-9;4895;-29
27200;4889;25;4890;3;4894;1;4895;-25
27300;4889;24;4893;-8;4895;-25
27400;4889;23;4895;-23
27500;4888;30;4895;-30
27600;4888;28;4893;-3;4895;-28
27700;4888;32;4895;-32
27800;4888;22;4889;5;4894;-2;4895;-20
27900;4888;29;4895;-29
28000;4888;22;4894;-22
28100;4888;21;4895;-21
28200;4887;23;4890;-1;4894;-23
28300;4888;30;4894;-30
28400;4887;20;4892;-8;4894;-20
28500;4887;30;4888;-1;4894;-30
28600;4887;28;4888;-1;4892;-5;4894;-28
28700;4887;24;4888;7;4893;-2;4894;-22
28800;4886;21;4891;-8;4893;-21
28900;4887;23;4892;-5;4893;-1;4894;-22
29000;4887;26;4893;-2;4894;-24
29100;4887;23;4892;-2;4894;-23
29200;4887;23;4894;-23
29300;4887;22;4888;1;4893;1;4894;-23
29400;4887;23;4888;2;4892;-5;4894;-25
29500;4888;20;4889;5;4894;-20
29600;4887;26;4888;1;4894;-27
29700;4888;23;4892;-7;4894;-23
29800;4887;25;4893;1;4894;-25
29900;4887;32;4894;-32
30000;4887;25;4888;10;4894;-25
30100;4887;21;4894;-21
30200;4887;30;4889;-2;4892;-8;4894;-30
30300;4887;29;4888;2;4894;-31
30400;4887;30;4894;-30
30500;4887;30;4893;-2;4894;-28
30600;4886;30;4887;2;4893;-32
30700;4887;29;4893;-29
30800;4887;31;4888;8;4893;-31
30900;4886;21;4893;-21
31000;4887;28;4892;-2;4893;-2;4894;-26
31100;4887;23;4892;1;4893;-23
31200;4886;21;4891;-7;4893;-22
31300;4886;20;4887;2;4893;-22
31400;4887;22;4892;-3;4894;-22
31500;4887;22;4894;-22
31600;4888;24;4894;-24
31700;4887;29;4892;-4;4894;-29
31800;4887;24;4892;-2;4894;-24
31900;4887;26;4888;2;4894;-28
32000;4887;22;4891;-10;4893;-22
32100;4887;25;4888;9;4894;-25
32200;4886;24;4887;1;4891;-5;4893;-25
32300;4886;32;4892;-2;4893;-30
32400;4885;29;4886;2;4892;-29
32500;4885;26;4892;-26
32600;4885;28;4886;1;4891;-2;4892;-26
32700;4886;32;4892;-32
32800;4885;29;4892;-29
32900;4885;20;4886;1;4890;-10;4892;-21
33000;4885;28;4886;2;4892;-28
33100;4884;25;4885;1;4891;-26
33200;4884;24;4889;1;4890;-1;4891;-23
33300;4885;31;4890;-1;4891;-1;4892;-30
33400;4885;20;4892;-20
33500;4885;21;4886;2;4890;-4;4892;-23
33600;4884;27;4891;-27
33700;4884;25;4885;1;4891;-26
33800;4884;21;4889;-4;4891;-21
33900;4884;28;4891;-28
34000;4884;28;4885;2;4890;1;4891;-30
34100;4884;25;4885;2;4891;-27
34200;4884;30;4885;2;4889;-3;4891;-32
34300;4884;28;4891;-29
34400;4884;30;4890;-2;4891;-28
34500;4884;24;4891;-24
34600;4884;24;4891;-24
34700;4884;25;4891;-25
34800;4884;22;4885;5;4886;-4;4891;-24
34900;4884;24;4891;-24
35000;4884;29;4891;-29
35100;4884;23;4890;-23
35200;4883;24;4886;2;4890;-24
35300;4883;23;4884;8;4890;-23
35400;4883;27;4886;2;4890;-27
35500;4883;29;4890;-29
35600;4883;24;4887;-3;4889;-24
35700;4883;31;4888;-9;4889;-2;4890;-29
35800;4883;23;4889;-23
35900;4883;30;4889;-30
36000;4883;30;4888;-9;4890;-30
36100;4883;21;4884;9;4890;-23
36200;4884;30;4885;5;4890;-1;4891;-29
36300;4884;31;4890;-31
36400;4884;29;4888;-8;4890;-29
36500;4884;29;4885;-1;4891;-29
36600;4884;30;4885;1;4891;-31
36700;4884;21;4885;1;4891;-22
36800;4884;25;4885;-2;4891;-25
36900;4884;22;4885;6;4891;-22
37000;4883;20;4884;2;4888;4;4890;-22
37100;4884;24;4891;-24
37200;4884;29;4891;-29
37300;4883;23;4890;-23
37400;4883;22;4889;-22
37500;4882;30;4883;1;4889;-31
37600;4883;25;4888;1;4889;-1;4890;-24
37700;4883;20;4890;-20
37800;4883;25;4889;-2;4890;-23
37900;4882;29;4889;-29
38000;4882;30;4883;3;4889;-30
38100;4883;29;4884;4;4889;-1;4890;-28
38200;4883;31;4884;4;4889;-2;4890;-29
38300;4883;22;4890;-22
38400;4883;31;4890;-31
38500;4883;24;4889;-2;4890;-22
38600;4883;31;4890;-31
38700;4884;21;4890;-2;4891;-20
38800;4884;27;4890;-2;4891;-25
38900;4884;25;4891;-25
39000;4884;24;4890;-24
39100;4883;28;4884;2;4890;-30
39200;4883;21;4889;-21
39300;4883;24;4890;-24
39400;4884;21;4891;-21
39500;4884;29;4891;-29
39600;4884;31;4886;2;4890;-31
39700;4883;29;4889;-1;4890;-29
39800;4883;24;4890;-24
39900;4883;28;4884;11;4890;-29
40000;4883;26;4890;-26
40100;4883;30;4886;6;4890;-30
40200;4884;25;4889;-7;4890;-1;4891;-24
40300;4884;30;4890;-30
40400;4884;25;4891;-25
40500;4884;22;4885;-5;4890;-1;4891;-21
40600;4883;28;4890;-28
40700;4883;30;4884;10;4888;1;4890;-30
40800;4883;21;4890;-21
40900;4883;25;4884;2;4890;-25
41000;4884;31;4885;-3;4890;-21
41100;4884;25;4889;7;4890;-2;4891;-23
41200;4884;20;4891;-20
41300;4884;27;4891;-27
41400;4884;30;4886;-5;4891;-30
41500;4885;31;4891;-2;4892;-29
41600;4884;26;4891;-26
41700;4884;23;4891;-23
41800;4885;21;4888;-4;4891;-1;4892;-21
41900;4885;28;4890;-8;4892;-28
42000;4886;28;4892;-28
42100;4886;22;4893;-22
42200;4887;22;4894;-22
42300;4887;22;4893;-2;4894;-20
42400;4886;28;4891;-2;4893;-28
42500;4886;24;4893;-24
42600;4886;28;4891;1;4892;-28
42700;4886;24;4893;-24
42800;4886;29;4892;-29
42900;4885;20;4892;-20
43000;4885;27;4890;-6;4891;-1;4892;-26
43100;4886;25;4887;9;4888;4;4892;-25
43200;4886;31;4891;-5;4892;-2;4893;-29
43300;4887;20;4888;10;4892;1;4894;-20
43400;4887;24;4893;-2;4894;-22
43500;4887;25;4891;-7;4893;-25
43600;4886;22;4891;-7;4893;-22
43700;4885;30;4890;-6;4892;-30
43800;4886;23;4893;-23
43900;4886;26;4887;-1;4891;-6;4893;-26
44000;4886;25;4887;12;4888;-1;4893;-27
44100;4886;24;4893;-24
44200;4886;24;4893;-24
44300;4887;26;4894;-26
44400;4887;26;4892;-7;4893;-1;4894;-25
44500;4886;30;4893;-30
44600;4886;22;4893;-22
44700;4886;27;4891;1;4893;-27
44800;4887;25;4894;-25
44900;4887;23;4894;-23
45000;4887;28;4888;-1;4894;-28
45100;4887;27;4894;-27
45200;4888;20;4894;-1;4895;-20
45300;4888;22;4895;-23
45400;4888;25;4889;4;4894;-25
45500;4888;21;4895;-21
45600;4888;23;4889;1;4895;-24
45700;4888;21;4889;2;4895;-23
45800;4889;30;4890;2;4896;-32
45900;4890;26;4891;7;4897;-26
46000;4890;23;4897;-23
46100;4891;25;4898;-25
46200;4890;24;4897;-24
46300;4890;28;4897;-28
46400;4890;24;4895;1;4897;-24
46500;4890;30;4897;-30
46600;4890;28;4891;1;4894;3;4895;1;4897;-28
46700;4889;30;4896;-30
46800;4890;25;4897;-25
46900;4889;29;4890;1;4894;-3;4896;-30
47000;4889;22;4890;1;4896;-23
47100;4889;22;4896;-22
47200;4889;23;4895;1;4896;-23
47300;4890;21;4896;-21
47400;4890;22;4891;8;4896;-22
47500;4890;22;4896;-22
47600;4889;21;4890;5;4896;-21
47700;4890;23;4891;1;4897;-23
47800;4890;20;4897;-20
47900;4890;23;4897;-23
48000;4890;27;4895;-1;4897;-27
48100;4890;30;4897;-30
48200;4890;26;4897;-27
48300;4890;21;4891;4;4895;1;4897;-21
48400;4889;32;4896;-32
48500;4889;29;4894;10;4896;-29
48600;4889;27;4896;-27
48700;4889;23;4896;-23
48800;4890;29;4896;-29
48900;4890;21;4897;-22
49000;4890;29;4896;-1;4897;-28
49100;4890;30;4897;-30
49200;4890;26;4897;-26
49300;4891;29;4892;3;4897;-29
49400;4891;23;4898;-23
49500;4891;25;4897;-25
49600;4890;30;4895;-9;4897;-30
49700;4890;21;4896;1;4897;-21
49800;4890;19;4895;-7;4897;-20
49900;4890;24;4896;-1;4897;-23
50000;4889;26;4893;2;4894;-5;4896;-26
50100;4889;24;4892;2;4896;-24
50200;4890;29;4894;7;4896;-29
50300;4890;23;4897;-23
50400;4890;23;4897;-23
50500;4890;28;4891;7;4897;-28
50600;4890;24;4891;7;4895;1;4896;-2;4897;-22
50700;4890;20;4891;9;4897;-20
50800;4890;28;4891;7;4897;-28
50900;4890;30;4891;1;4897;-30
51000;4890;25;4896;-2;4897;-23
51100;4891;29;4895;-1;4897;-29
51200;4890;30;4895;10;4897;-30
51300;4891;25;4895;-5;4897;-25
51400;4891;23;4897;-23
51500;4891;21;4898;-21
51600;4891;23;4896;-5;4897;-2;4898;-21
51700;4891;32;4896;12;4897;-2;4898;-30
51800;4891;25;4898;-25
51900;4891;26;4892;2;4898;-28
52000;4891;21;4892;3;4898;-21
52100;4891;28;4897;-1;4898;-27
52200;4891;22;4896;-1;4898;-23
52300;4892;30;4899;-30
52400;4891;20;4892;1;4898;-21
52500;4891;27;4898;-27
52600;4891;31;4897;-1;4898;-30
52700;4891;25;4895;-8;4897;-25
52800;4891;28;4892;-8;4897;-28
52900;4890;26;4891;1;4895;-3;4897;-27
53000;4891;30;4898;-30
53100;4892;23;4898;-23
53200;4892;23;4897;1;4899;-23
53300;4892;20;4899;-20
53400;4892;32;4899;-32
53500;4892;25;4897;-7;4899;-25
53600;4892;23;4893;-10;4899;-23
53700;4892;23;4899;-23
53800;4892;29;4893;8;4899;-29
53900;4891;25;4892;1;4896;-8;4898;-26
54000;4891;22;4894;-5;4896;-2;4898;-22
54100;4892;22;4899;-22
54200;4891;20;4898;-21
54300;4891;26;4892;2;4898;-28
54400;4892;22;4899;-22
54500;4892;29;4897;-2;4898;-2;4899;-27
54600;4892;30;4899;-30
54700;4893;23;4899;-1;4900;-22
54800;4893;25;4899;-2;4900;-23
54900;4893;24;4898;1;4899;-2;4900;-22
55000;4893;22;4899;-2;4900;-20
55100;4893;24;4894;2;4900;-26
55200;4894;26;4895;7;4900;-26
55300;4894;22;4899;-4;4901;-22
55400;4894;27;4895;8;4901;-28
55500;4894;24;4901;-24
55600;4894;23;4899;-9;4901;-23
55700;4893;22;4898;-7;4900;-22
55800;4894;26;4900;-1;4901;-25
55900;4894;20;4897;-1;4901;-20
56000;4895;25;4900;-6;4901;-25
56100;4894;28;4899;-3;4901;-28
56200;4894;31;4897;3;4900;-1;4901;-30
56300;4894;28;4901;-28
56400;4894;29;4900;-2;4901;-27
56500;4894;21;4899;-9;4901;-21
56600;4894;30;4899;-2;4901;-30
56700;4894;27;4895;6;4901;-27
56800;4894;23;4900;-23
56900;4894;21;4900;-1;4901;-20
57000;4893;20;4894;2;4898;-10;4900;-22
57100;4893;24;4894;7;4899;1;4900;-24
57200;4893;25;4894;6;4895;-5;4896;-2;4900;-26
57300;4893;30;4894;1;4900;-31
57400;4893;28;4899;-1;4900;-27
57500;4892;21;4899;-21
57600;4892;22;4899;-22
57700;4892;22;4893;2;4899;-22
57800;4892;28;4897;-4;4899;-28
57900;4893;28;4899;-2;4900;-26
58000;4892;28;4899;-28
58100;4893;20;4894;7;4900;-20
58200;4893;29;4899;-2;4900;-27
58300;4893;30;4900;-30
58400;4893;25;4900;-25
58500;4893;20;4894;5;4900;-22
58600;4893;23;4899;-1;4900;-22
58700;4892;29;4893;1;4899;-30
58800;4893;31;4900;-31
58900;4894;25;4897;2;4899;1;4900;-2;4901;-23
59000;4894;24;4901;-24
59100;4893;20;4894;9;4900;-21
59200;4893;25;4900;-25
59300;4893;22;4894;5;4900;-22
59400;4894;23;4901;-23
59500;4894;24;4900;-2;4901;-22
59600;4894;25;4901;-25
59700;4894;26;4899;1;4901;-26
59800;4893;22;4894;11;4900;-24
59900;4893;23;4894;2;4900;-25
60000;4893;26;4898;1;4900;-26
60100;4893;28;4900;-28
60200;4893;25;4894;1;4900;-26
60300;4893;24;4894;3;4900;-24
60400;4893;24;4900;-24
60500;4893;25;4900;-25
60600;4893;21;4900;-22
60700;4894;33;4900;-24
60800;4894;28;4899;1;4900;-2;4901;-26
60900;4894;29;4895;10;4899;1;4901;-29
61000;4894;26;4900;-26
61100;4894;31;4895;-4;4900;-2;4901;-29
61200;4894;22;4901;-22
61300;4893;27;4900;-27
61400;4893;28;4900;-28
61500;4893;22;4894;4;4898;1;4900;-22
61600;4893;28;4899;-28
61700;4893;23;4899;-2;4900;-21
61800;4892;24;4893;1;4899;-26
61900;4892;28;4897;-8;4899;-28
62000;4892;24;4899;-24
62100;4892;27;4897;-3;4898;-2;4899;-25
62200;4892;24;4893;9;4898;-2;4899;-22
62300;4892;21;4899;-21
62400;4892;24;4899;-24
62500;4892;27;4899;-27
62600;4892;21;4893;7;4897;12;4899;-22
62700;4893;25;4894;4;4900;-25
62800;4893;22;4899;-22
62900;4893;20;4894;5;4900;-22
63000;4893;30;4900;-30
63100;4893;30;4900;-30
63200;4893;25;4900;-25
63300;4893;30;4899;1;4900;-30
63400;4893;22;4894;2;4900;-24
63500;4893;28;4896;-4;4900;-28
63600;4894;22;4899;1;4900;-22
63700;4894;21;4899;-7;4900;-21
63800;4894;28;4901;-28
63900;4894;22;4897;-2;4901;-22
64000;4894;30;4895;-1;4899;-10;4901;-30
64100;4894;28;4899;-4;4901;-28
64200;4894;25;4895;2;4901;-27
64300;4895;22;4896;4;4901;-2;4902;-20
64400;4894;29;4901;-29
64500;4895;22;4901;-2;4902;-20
64600;4895;29;4901;-2;4902;-27
64700;4895;29;4902;-29
64800;4895;20;4902;-21
64900;4895;32;4900;-10;4902;-32
65000;4895;27;4900;-4;4902;-27
65100;4895;26;4896;10;4902;-26
65200;4895;28;4900;-6;4901;-29
65300;4894;29;4899;-9;4901;-29
65400;4894;21;4895;10;4900;1;4901;-21
65500;4894;20;4901;-20
65600;4894;20;4895;3;4901;-20
65700;4894;23;4901;-24
65800;4894;30;4901;-30
65900;4894;24;4895;2;4901;-26
66000;4894;25;4897;6;4901;-25
66100;4893;23;4894;2;4899;1;4900;-25
66200;4894;23;4900;-1;4901;-22
66300;4893;20;4898;6;4900;-20
66400;4893;26;4899;-26
66500;4892;31;4897;1;4898;-1;4899;-30
66600;4892;31;4893;1;4896;1;4898;-2;4899;-29
66700;4892;26;4896;2;4898;-26
66800;4891;26;4898;-26
66900;4891;20;4898;-20
67000;4891;22;4892;3;4898;-24
67100;4891;26;4898;-26
67200;4891;23;4898;-23
67300;4890;21;4891;-8;4897;-22
67400;4891;29;4897;-1;4898;-28
67500;4891;22;4898;-22
67600;4891;26;4897;-26
67700;4891;23;4898;-23
67800;4892;32;4898;-32
67900;4892;26;4899;-26
68000;4892;25;4897;-5;4899;-25
68100;4892;27;4897;-8;4898;-1;4899;-26
68200;4892;24;4893;-2;4898;-1;4899;-23
68300;4891;25;4892;-7;4896;-4;4898;-26
68400;4892;31;4898;-31
68500;4892;23;4897;1;4899;-23
68600;4892;27;4899;-27
68700;4893;22;4894;10;4899;-22
68800;4893;31;4898;-1;4900;-31
68900;4893;25;4894;3;4897;4;4899;-2;4900;-23
69000;4893;28;4900;-28
69100;4893;26;4900;-26
69200;4893;21;4898;-8;4899;-1;4900;-20
69300;4893;24;4896;-6;4899;-1;4900;-23
69400;4893;22;4900;-22
69500;4893;31;4898;-8;4900;-31
69600;4893;27;4900;-27
69700;4894;26;4901;-26
69800;4894;22;4901;-23
69900;4895;26;4896;10;4901;-2;4902;-24
70000;4895;30;4902;-30
70100;4895;26;4902;-27
70200;4895;28;4896;2;4902;-30
70300;4895;24;4896;11;4902;-25
70400;4895;31;4902;-31
70500;4895;21;4898;4;4902;-21
70600;4894;22;4901;-23
70700;4894;27;4901;-27
70800;4894;20;4895;2;4899;-8;4901;-22
70900;4894;21;4895;-1;4901;-21
71000;4894;30;4895;8;4901;-30
71100;4895;30;4896;4;4902;-30
71200;4895;27;4896;1;4902;-28
71300;4895;28;4896;2;4902;-30
71400;4895;27;4902;-27
71500;4895;26;4902;-26
71600;4895;31;4896;7;4902;-31
71700;4895;26;4901;-1;4902;-25
71800;4894;22;4901;-22
71900;4894;30;4895;-1;4901;-30
72000;4893;24;4894;2;4896;6;4900;-24
72100;4893;26;4900;-26
72200;4892;25;4899;-25
72300;4893;23;4899;-1;4900;-22
72400;4893;25;4900;-25
72500;4893;22;4899;-2;4900;-20
72600;4892;28;4893;8;4896;4;4899;-28
72700;4892;28;4899;-28
72800;4893;29;4899;-2;4900;-27
72900;4893;23;4897;-4;4899;-23
73000;4893;21;4900;-21
73100;4893;28;4895;-2;4897;-7;4899;-28
73200;4893;24;4898;-7;4900;-24
73300;4893;25;4900;-25
73400;4893;30;4898;-7;4900;-30
73500;4893;25;4894;6;4898;12;4899;-25
73600;4893;30;4900;-30
73700;4892;25;4899;-25
73800;4892;22;4893;1;4899;-22
73900;4892;27;4899;-27
74000;4892;29;4893;-2;4898;-2;4899;-27
74100;4892;29;4898;-24
74200;4891;30;4892;1;4896;-1;4898;-31
74300;4891;26;4892;8;4897;1;4898;-27
74400;4891;23;4898;-23
74500;4891;26;4895;1;4896;1;4897;-26
74600;4890;27;4891;2;4897;-29
74700;4890;27;4893;-6;4896;-1;4897;-26
74800;4890;26;4896;-26
74900;4890;28;4896;-1;4897;-27
75000;4890;22;4896;-22
75100;4890;28;4895;-8;4897;-28
75200;4890;31;4893;-6;4897;-31
75300;4891;26;4892;8;4898;-27
75400;4892;25;4899;-25
75500;4892;23;4898;-23
75600;4892;25;4898;-2;4899;-23
75700;4892;27;4898;1;4899;-27
75800;4892;28;4897;-2;4899;-28
75900;4892;24;4893;-3;4898;-24
76000;4892;31;4893;8;4898;-31
76100;4892;28;4899;-28
76200;4892;28;4893;9;4899;-28
76300;4892;22;4893;7;4899;-22
76400;4892;28;4899;-28
76500;4893;28;4900;-28
76600;4893;29;4900;-29
76700;4893;31;4894;9;4896;2;4900;-31
76800;4893;25;4898;-6;4900;-25
76900;4893;27;4894;4;4900;-29
77000;4893;28;4900;-28
77100;4894;22;4895;10;4900;-22
77200;4894;30;4901;-30
77300;4894;25;4895;4;4901;-26
77400;4894;29;4901;-29
77500;4895;24;4901;-24
77600;4894;30;4895;3;4901;-30
77700;4894;31;4901;-31
77800;4894;31;4895;2;4901;-31
77900;4894;24;4895;2;4899;-6;4901;-26
78000;4894;21;4901;-21
78100;4895;23;4901;-24
78200;4894;24;4899;1;4901;-24
78300;4894;25;4900;-25
78400;4894;25;4901;-25
78500;4893;23;4894;2;4900;-25
78600;4894;25;4898;-5;4900;-25
78700;4893;25;4894;1;4900;-26
78800;4894;29;4899;3;4901;-29
78900;4893;25;4894;1;4900;-26
79000;4894;22;4901;-22
79100;4894;20;4901;-20
79200;4895;26;4899;-9;4901;-26
79300;4894;20;4895;1;4901;-21
79400;4895;29;4902;-29
79500;4895;28;4896;-1;4902;-28
79600;4895;25;4900;-4;4901;-2;4902;-23
79700;4895;25;4896;-4;4902;-25
79800;4894;25;4901;-25
79900;4893;28;4894;1;4898;-6;4900;-29
80000;4893;24;4894;1;4900;-26
80100;4894;22;4900;-1;4901;-21
80200;4894;22;4901;-22
80300;4894;21;4900;-1;4901;-20
80400;4894;25;4901;-25
80500;4894;22;4901;-22
80600;4894;31;4900;-1;4901;-30
80700;4894;24;4895;3;4900;-2;4901;-22
80800;4893;22;4894;2;4898;-5;4900;-24
80900;4894;28;4899;-7;4901;-28
81000;4894;31;4901;-31
81100;4894;24;4900;-2;4901;-22
81200;4894;29;4899;-4;4900;-1;4901;-28
81300;4893;28;4894;2;4899;1;4900;-30
81400;4893;21;4894;1;4900;-22
81500;4894;22;4895;3;4901;-22
81600;4894;28;4901;-28
81700;4895;26;4901;-2;4902;-24
81800;4895;21;4896;5;4902;-21
81900;4895;28;4902;-28
82000;4894;25;4899;-4;4901;-25
82100;4893;26;4894;4;4900;-26
82200;4893;30;4900;-30
82300;4893;30;4894;2;4900;-32
82400;4893;22;4900;-22
82500;4893;24;4896;1;4899;-1;4900;-23
82600;4892;29;4893;2;4899;-31
82700;4892;30;4897;-1;4899;-30
82800;4892;21;4893;10;4897;4;4899;-21
82900;4892;20;4893;10;4899;-21
83000;4893;30;4894;8;4896;-2;4899;-2;4900;-28
83100;4893;26;4900;-26
83200;4893;31;4900;-31
83300;4894;23;4898;-7;4900;-23
83400;4893;25;4900;-25
83500;4892;30;4898;1;4899;-30
83600;4892;24;4893;1;4899;-24
83700;4892;26;4893;1;4897;-7;4899;-27
83800;4893;22;4900;-22
83900;4893;26;4894;4;4899;-26
84000;4892;20;4899;-21
84100;4891;30;4897;-2;4898;-28
84200;4891;31;4895;1;4897;-2;4898;-29
84300;4890;20;4891;-1;4897;-20
84400;4890;28;4896;-2;4897;-26
84500;4890;23;4891;3;4897;-24
84600;4891;30;4894;1;4898;-30
84700;4891;25;4896;-10;4898;-25
84800;4891;26;4898;-26
84900;4890;22;4895;-5;4897;-22
85000;4890;23;4891;1;4897;-24
85100;4891;31;4896;-4;4897;-1;4898;-30
85200;4891;21;4898;-21
85300;4891;30;4897;-2;4898;-28
85400;4891;22;4897;-22
85500;4890;20;4891;-5;4897;-21
85600;4890;29;4895;-9;4897;-29
85700;4890;28;4897;-28
85800;4890;23;4891;2;4897;-25
85900;4890;22;4891;1;4897;-23
86000;4889;22;4890;-1;4896;-22
86100;4890;27;4896;-28
86200;4890;28;4895;3;4897;-28
86300;4890;32;4891;10;4897;-32
86400;4890;23;4891;2;4897;-25
86500;4891;21;4898;-21
86600;4890;30;4891;-1;4897;-30
86700;4891;27;4898;-28
86800;4890;30;4895;-5;4897;-30
86900;4890;28;4895;1;4897;-28
87000;4891;27;4897;-1;4898;-26
87100;4890;27;4897;-27
87200;4890;23;4897;-23
87300;4890;29;4896;-2;4897;-27
87400;4890;29;4896;-1;4897;-29
87500;4890;22;4893;2;4897;-22
87600;4890;31;4895;1;4897;-31
87700;4890;25;4891;-5;4896;-2;4897;-23
87800;4890;31;4897;-31
87900;4890;23;4895;1;4897;-23
88000;4890;28;4896;-2;4897;-26
88100;4890;29;4896;-29
88200;4890;20;4891;2;4893;-2;4897;-22
88300;4890;29;4891;6;4897;-30
88400;4891;24;4896;1;4897;-1;4898;-23
88500;4890;22;4897;-22
88600;4890;30;4891;4;4897;-30
88700;4890;27;4896;-27
88800;4889;29;4896;-29
88900;4889;27;4893;-4;4895;-27
89000;4889;24;4890;5;4895;-24
89100;4888;21;4889;-1;4895;-21
89200;4888;26;4895;-26
89300;4888;26;4895;-26
89400;4888;31;4894;-1;4895;-30
89500;4888;32;4894;-2;4895;-30
89600;4887;25;4888;-1;4890;-6;4894;-25
89700;4887;23;4894;-23
89800;4887;27;4888;8;4892;1;4894;-27
89900;4886;28;4887;2;4893;-30
90000;4886;22;4891;-3;4893;-22
90100;4886;22;4893;-22
90200;4886;26;4887;7;4893;-26
90300;4886;28;4893;-28
90400;4886;26;4893;-26
90500;4886;28;4889;5;4892;-1;4893;-27
90600;4887;23;4893;-2;4894;-21
90700;4887;20;4894;-20
90800;4886;26;4891;-7;4893;-26
90900;4886;22;4887;8;4893;-22
91000;4887;32;4893;-32
91100;4887;26;4894;-26
91200;4887;21;4894;-21
91300;4887;22;4894;-22
91400;4887;26;4892;-10;4894;-26
91500;4887;27;4894;-27
91600;4888;22;4889;-1;4895;-22
91700;4888;26;4895;-26
91800;4888;21;4889;-1;4895;-21
91900;4888;30;4894;-1;4895;-29
92000;4888;23;4889;1;4891;1;4893;-3;4895;-24
92100;4888;29;4889;2;4895;-31
92200;4889;29;4890;5;4896;-29
92300;4888;24;4889;1;4891;1;4895;-25
92400;4888;21;4893;-6;4895;-21
92500;4888;29;4893;-5;4895;-29
92600;4888;27;4889;-1;4891;-1;4895;-27
92700;4888;27;4895;-27
92800;4889;30;4895;-30
92900;4888;30;4889;1;4895;-30
93000;4888;23;4895;-23
93100;4889;27;4890;8;4895;-27
93200;4888;23;4889;5;4895;-23
93300;4888;23;4893;-3;4895;-23
93400;4889;23;4896;-23
93500;4889;29;4895;-29
93600;4889;29;4894;-4;4896;-29
93700;4888;30;4889;7;4895;-30
93800;4888;20;4889;1;4895;-21
93900;4888;27;4889;2;4895;-29
94000;4889;22;4894;-7;4896;-22
94100;4889;31;4896;-31
94200;4888;28;4893;-8;4895;-28
94300;4888;29;4889;2;4895;-31
94400;4888;22;4889;5;4895;-23
94500;4888;21;4895;-21
94600;4887;28;4894;-28
94700;4887;21;4892;1;4894;-21
94800;4887;23;4894;-23
94900;4887;28;4894;-28
95000;4888;30;4895;-30
95100;4888;22;4893;1;4894;-22
95200;4888;29;4894;-29
95300;4888;26;4893;1;4895;-26
95400;4888;30;4895;-30
95500;4889;21;4896;-21
95600;4890;21;4897;-21
95700;4890;27;4891;2;4895;-7;4897;-29
95800;4890;21;4897;-22
95900;4890;24;4891;9;4896;1;4897;-24
96000;4890;20;4891;1;4896;1;4897;-21
96100;4891;26;4896;-7;4897;-1;4898;-26
96200;4891;21;4896;-2;4898;-21
96300;4891;23;4898;-23
96400;4891;27;4898;-27
96500;4891;27;4898;-27
96600;4891;24;4897;-1;4898;-24
96700;4891;32;4898;-32
96800;4891;30;4898;-30
96900;4892;23;4898;-23
97000;4892;15;4896;-2;4898;-25
97100;4892;29;4899;-29
97200;4892;20;4897;9;4899;-20
97300;4892;21;4897;1;4899;-21
97400;4892;30;4897;1;4899;-30
97500;4892;24;4899;-24
97600;4892;25;4893;2;4899;-27
97700;4892;29;4899;-29
97800;4892;28;4899;-28
97900;4893;23;4899;-23
98000;4892;27;4899;-27
98100;4892;30;4893;8;4899;-30
98200;4891;29;4898;-29
98300;4891;21;4898;-21
98400;4891;28;4898;-28
98500;4891;32;4893;2;4895;-7;4897;-32
98600;4891;24;4897;-24
98700;4890;26;4897;-26
98800;4890;25;4894;4;4896;-2;4897;-23
98900;4890;25;4897;-25
99000;4890;28;4893;-1;4897;-28
99100;4890;22;4897;-22
99200;4890;26;4897;-26
99300;4890;23;4895;1;4896;-23
99400;4889;30;4894;-9;4896;-30
99500;4889;20;4896;-20
99600;4889;28;4892;-1;4896;-28
99700;4889;26;4892;2;4896;-26
99800;4890;26;4895;-5;4896;-1;4897;-25
99900;4890;28;4891;5;4896;-28